Department,Branch,Sex,N,GroupPop,Overall,Overall Engagement_Unfavourable,Overall Engagement_Neutral,Overall Engagement_Favourable,Overall Culture_Unfavourable,Overall Culture_Neutral,Overall Culture_Favourable,Overall Workplace_Unfavourable,Overall Workplace_Neutral,Overall Workplace_Favourable,Overall Immediate Supervisor_Unfavourable,Overall Immediate Supervisor_Neutral,Overall Immediate Supervisor_Favourable,QUESTION 1_Job Satisfaction_N,QUESTION 1_Job_Satisfaction_Unfavourable,QUESTION 1_Job_Satisfaction_Neutral,QUESTION 1_Job_Satisfaction_Favourable,QUESTION 2_Proud_N,QUESTION 2_Proud_Unfavourable,QUESTION 2_Proud_Neutral,QUESTION 2_Proud_Favourable,QUESTION 3_Best_Work_N,QUESTION 3_Best_Work_Unfavourable,QUESTION 3_Best_Work_Neutral,QUESTION 3_Best_Work_Favourable,QUESTION 4_Refer_Friend_N,QUESTION 4_Refer_Friend_Unfavourable,QUESTION 4_Refer_Friend_Neutral,QUESTION 4_Refer_Friend_Favourable,QUESTION 5_Accomplishment_N,QUESTION 5_Accomplishment_Unfavourable,QUESTION 5_Accomplishment_Neutral,QUESTION 5_Accomplishment_Favourable,QUESTION 6_Clear_Link_N,QUESTION 6_Clear_Link_Unfavourable,QUESTION 6_Clear_Link_Neutral,QUESTION 6_Clear_Link_Favourable,QUESTION 7_Customer_Focused_N,QUESTION 7_Customer_Focused_Unfavourable,QUESTION 7_Customer_Focused_Neutral,QUESTION 7_Customer_Focused_Favourable,QUESTION 8_Enablement_N,QUESTION 8_Enablement_Unfavourable,QUESTION 8_Enablement_Neutral,QUESTION 8_Enablement_Favourable,QUESTION 9_Cooperation_N,QUESTION 9_Cooperation_Unfavourable,QUESTION 9_Cooperation_Neutral,QUESTION 9_Cooperation_Favourable,QUESTION 10_Safe_Work_N,QUESTION 10_Safe_Work_Unfavourable,QUESTION 10_Safe_Work_Neutral,QUESTION 10_Safe_Work_Favourable,QUESTION 11_ELT_Leadership_N,QUESTION 11_ELT_Leadership_Unfavourable,QUESTION 11_ELT_Leadership_Neutral,QUESTION 11_ELT_Leadership_Favourable,QUESTION 12_Development_N,QUESTION 12_Development_Unfavourable,QUESTION 12_Development_Neutral,QUESTION 12_Development_Favourable,QUESTION 13_Supervisory_N,QUESTION 13_Supervisory_Unfavourable,QUESTION 13_Supervisory_Neutral,QUESTION 13_Supervisory_Favourable,QUESTION 14_Opinions_N,QUESTION 14_Opinions_Unfavourable,QUESTION 14_Opinions_Neutral,QUESTION 14_Opinions_Favourable,QUESTION 15_Decisions_N,QUESTION 15_Decisions_Unfavourable,QUESTION 15_Decisions_Neutral,QUESTION 15_Decisions_Favourable,QUESTION 16_Recognition_N,QUESTION 16_Recognition_Unfavourable,QUESTION 16_Recognition_Neutral,QUESTION 16_Recognition_Favourable,QUESTION 17_Expectations_N,QUESTION 17_Expectations_Unfavourable,QUESTION 17_Expectations_Neutral,QUESTION 17_Expectations_Favourable,QUESTION 18_Performance_N,QUESTION 18_Performance_Unfavourable,QUESTION 18_Performance_Neutral,QUESTION 18_Performance_Favourable,QUESTION 19_Safety_N,QUESTION 19_Safety_Unfavourable,QUESTION 19_Safety_Neutral,QUESTION 19_Safety_Favourable,QUESTION 20_Innovation_N,QUESTION 20_Innovation_Unfavourable,QUESTION 20_Innovation_Neutral,QUESTION 20_Innovation_Favourable,QUESTION 21_Innovation_N,QUESTION 21_Innovation_Unfavourable,QUESTION 21_Innovation_Neutral,QUESTION 21_Innovation_Favourable,QUESTION 22_Collaboration_N,QUESTION 22_Collaboration_Unfavourable,QUESTION 22_Collaboration_Neutral,QUESTION 22_Collaboration_Favourable,QUESTION 23_Department_Leadership_N,QUESTION 23_Department_Leadership_Unfavourable,QUESTION 23_Department_Leadership_Neutral,QUESTION 23_Department_Leadership_Favourable,QUESTION 24_Branch_Leadership_N,QUESTION 24_Branch_Leadership_Unfavourable,QUESTION 24_Branch_Leadership_Neutral,QUESTION 24_Branch_Leadership_Favourable,QUESTION 25_Leadership_N,QUESTION 25_Leadership_Unfavourable,QUESTION 25_Leadership_Neutral,QUESTION 25_Leadership_Favourable,QUESTION 26_Enough_Training_N,QUESTION 26_Enough_Training_Unfavourable,QUESTION 26_Enough_Training_Neutral,QUESTION 26_Enough_Training_Favourable,QUESTION 27_Customer_Service_N,QUESTION 27_Customer_Service_Unfavourable,QUESTION 27_Customer_Service_Neutral,QUESTION 27_Customer_Service_Favourable,QUESTION 28_Rewarding_N,QUESTION 28_Rewarding_Unfavourable,QUESTION 28_Rewarding_Neutral,QUESTION 28_Rewarding_Favourable,QUESTION 29_Opportunity_N,QUESTION 29_Opportunity_Unfavourable,QUESTION 29_Opportunity_Neutral,QUESTION 29_Opportunity_Favourable,QUESTION 30_Make_a_Difference_N,QUESTION 30_Make_a_Difference_Unfavourable,QUESTION 30_Make_a_Difference_Neutral,QUESTION 30_Make_a_Difference_Favourable,QUESTION 31_Rewards_N,QUESTION 31_Rewards_Unfavourable,QUESTION 31_Rewards_Neutral,QUESTION 31_Rewards_Favourable,QUESTION 32_Communicated_Well_N,QUESTION 32_Communicated_Well_Unfavourable,QUESTION 32_Communicated_Well_Neutral,QUESTION 32_Communicated_Well_Favourable,QUESTION 33_Communication_N,QUESTION 33_Communication_Unfavourable,QUESTION 33_Communication_Neutral,QUESTION 33_Communication_Favourable,QUESTION 34_Harassment_N,QUESTION 34_Harassment_Yes,QUESTION 34_Harassment_No,QUESTION 35_Harassment_Type_-_Personal_N,QUESTION 35_Harassment_Type_-_Sexual_N,QUESTION 35_Harassment_Type_-_Abuse_of_authority_N,QUESTION 35_Harassment_Type_-_Other_N,QUESTION 36_Harassment_Source_-_Subordinate(s)_N,QUESTION 36_Harassment_Source_-_Coworkers_N,QUESTION 36_Harassment_Source_-_Immediate_Supervisor(s)_N,QUESTION 36_Harassment_Source_-_Immediate_Supervisor's_supervisor_N,QUESTION 36_Harassment_Source_-_Other_Area_Coworkers_N,QUESTION 36_Harassment_Source_-_Employees_in_other_departments_N,QUESTION 36_Harassment_Source_-_Members_of_Public_N,QUESTION 36_Harassment_Source_-_Other_N,QUESTION 36_Harassment_Source_-_Not_Sharing-N,QUESTION 37_Discrimination_N,QUESTION 37_Discrimination_Yes,QUESTION 37_Discrimination_No,QUESTION 38_Discrimination_Type_-_Race_N,QUESTION 38_Discrimination_Type_-_Place_of_origin_N,QUESTION 38_Discrimination_Type_-_Ancestry_N,QUESTION 38_Discrimination_Type_-_Colour_N,QUESTION 38_Discrimination_Type_-_Religion_N,QUESTION 38_Discrimination_Type_-_Age_N,QUESTION 38_Discrimination_Type_-_Gender_N,QUESTION 38_Discrimination_Type_-_Gender_Identity_N,QUESTION 38_Discrimination_Type_-_Gender_Expression_N,QUESTION 38_Discrimination_Type_-_Marital_Status_N,QUESTION 38_Discrimination_Type_-_Family_Status_N,QUESTION 38_Discrimination_Type_-_Physical_Disability_N,QUESTION 38_Discrimination_Type_-_Mental_Disability_N,QUESTION 38_Discrimination_Type_-_Sexual_Orientation_N,QUESTION 38_Discrimination_Type_-_Source_of_Income_N,QUESTION 38_Discrimination_Type_-_Other_N,QUESTION 39_Discrimination_Source_-_Subordinate(s)_N,QUESTION 39_Discrimination_Type_-_Coworkers_N,QUESTION 39_Discrimination_Type_-_Immediate_supervisor_N,QUESTION 39_Discrimination_Type_-_Immediate_Supervisor's_supervisor_N,QUESTION 39_Discrimination_Type_-_Other_Area_Coworkers_N,QUESTION 39_Discrimination_Type_-_Employees_in_other_departments_N,QUESTION 39_Discrimination_Type_-_Members_of_Public_N,QUESTION 39_Discrimination_Type_-_Other_N,QUESTION 40_Witnessed_Harassment_or_Discrimination_N,QUESTION 40_Witnessed_Harassment_or_Discrimination_Yes,QUESTION 40_Witnessed_Harassment_or_Discrimination_No,QUESTION 41_Tell_Someone_N,QUESTION 41_Tell_Someone_Yes,QUESTION 41_Tell_Someone_No,QUESTION 42_Witnessed_a_Response_N,QUESTION 42_Witnessed_a_Response_Yes,QUESTION 42_Witnessed_a_Response_No,QUESTION 43_Address_Inappropriate_Behaviour_N,QUESTION 43_Address_Inappropriate_Behaviour_Unfavourable,QUESTION 43_Address_Inappropriate_Behaviour_Neutral,QUESTION 43_Address_Inappropriate_Behaviour_Favourable,QUESTION 44_Can_Report_Harassment/Discrimination_N,QUESTION 44_Can_Report_Harassment/Discrimination_Unfavourable,QUESTION 44_Can_Report_Harassment/Discrimination_Neutral,QUESTION 44_Can_Report_Harassment/Discrimination_Favourable,QUESTION 45_Indigenous_N,QUESTION 45_Indigenous_Yes,QUESTION 45_Indigenous_No,QUESTION 46_Visible_Minority_N,QUESTION 46_Visible_Minority_Yes,QUESTION 46_Visible_Minority_No,QUESTION 48_Person_with_a_Disability_N,QUESTION 48_Person_with_a_Disability_Yes,QUESTION 48_Person_with_a_Disability_No,QUESTION 51_Identify_as_LGBTQ_N,QUESTION 51_Identify_as_LGBTQ_No,QUESTION 51_Identify_as_LGBTQ_Yes,QUESTION 55_Mental_Health_Help_N,QUESTION 55_Mental_Health_Help_No,QUESTION 55_Mental_Health_Help_Yes
Financial & Corporate Services,Assessment & Taxation,M,75,82,75,6.5,14.667,53.333,5,10.462,59,6.429,10.357,57.5,3,5.625,65.625,75,7,14,54,74,7,10,57,75,8,20,47,75,6,8,61,74,6,14,54,74,5,22,47,73,5,7,61,75,1,6,68,75,11,11,53,75,7,3,65,71,11,20,40,74,12,16,46,75,4,3,68,75,3,5,67,75,4,5,66,75,3,9,63,72,1,4,67,74,4,10,60,74,2,2,70,74,3,7,64,75,6,7,62,75,7,15,53,75,10,15,50,75,10,17,48,75,4,8,63,75,7,10,58,73,5,10,58,75,6,13,56,75,8,14,53,74,6,7,61,75,4,10,61,75,6,14,55,75,6,18,51,74,9,65,7,2,5,2,2,3,2,2,4,1,4,1,0,75,4,71,1,1,1,1,1,3,2,1,1,2,1,2,0,1,0,1,0,2,1,1,4,1,1,0,75,13,62,20,,,9,,,69,14,20,35,71,18,16,37,71,0,71,75,27,48,75,6,69,74,4,70,75,50,25
Financial & Corporate Services,Assessment & Taxation,F,82,93,82,12,18,51.333,10,13.615,58.077,10.214,14.929,55.857,7.375,11,62.5,82,11,18,53,80,7,18,55,80,18,20,42,82,12,20,50,82,13,12,57,82,11,20,51,82,9,5,68,81,3,8,70,81,13,19,49,82,11,12,59,81,11,31,39,82,18,14,50,82,8,12,62,82,9,10,63,82,11,9,62,82,9,15,58,77,3,3,71,80,8,15,57,81,1,12,68,81,10,12,59,82,8,14,60,82,18,17,47,81,15,16,50,81,14,17,50,82,11,12,59,81,12,14,55,82,7,13,62,81,10,17,54,82,10,22,50,81,3,18,60,81,11,12,58,82,11,18,53,82,16,13,53,82,27,55,16,3,14,4,5,8,7,8,3,1,0,1,7,82,17,65,3,4,0,2,2,10,3,0,0,1,2,3,1,0,1,1,2,5,4,5,1,1,1,2,82,30,52,43,,,22,,,80,29,24,27,82,31,21,30,80,0,80,81,26,55,82,4,78,79,2,77,82,70,12
Financial & Corporate Services,Assessment & Taxation,ALL,157,175,157,18.5,32.667,104.667,15,24.077,117.077,16.643,25.286,113.357,10.375,16.625,128.125,157,18,32,107,154,14,28,112,155,26,40,89,157,18,28,111,156,19,26,111,156,16,42,98,155,14,12,129,156,4,14,138,156,24,30,102,157,18,15,124,152,22,51,79,156,30,30,96,157,12,15,130,157,12,15,130,157,15,14,128,157,12,24,121,149,4,7,138,154,12,25,117,155,3,14,138,155,13,19,123,157,14,21,122,157,25,32,100,156,25,31,100,156,24,34,98,157,15,20,122,156,19,24,113,155,12,23,120,156,16,30,110,157,18,36,103,155,9,25,121,156,15,22,119,157,17,32,108,157,22,31,104,156,36,120,23,5,19,6,7,11,9,10,7,2,4,2,7,157,21,136,4,5,1,3,3,13,5,1,1,3,3,5,1,1,1,2,2,7,5,6,5,2,2,2,157,43,114,63,28,35,31,,,149,43,44,62,153,49,37,67,151,0,151,156,53,103,157,10,147,153,6,147,157,120,37
Integrated Infrastructure Services,Building Great Neighbourhoods,F,16,17,16,2.5,4.5,9,2,2.154,11.769,2.786,1.929,11.286,1.5,1.5,12.875,16,2,6,8,16,3,5,8,16,3,4,9,16,3,3,10,16,2,6,8,16,2,3,11,16,2,0,14,16,0,2,14,16,1,3,12,16,3,3,10,16,6,3,7,16,3,4,9,16,1,2,13,16,1,0,15,16,2,4,10,16,1,3,12,16,2,0,14,16,2,1,13,16,1,1,14,15,2,1,12,15,2,1,12,16,2,1,13,16,6,1,9,16,5,0,11,16,3,4,9,16,2,4,10,16,0,3,13,16,2,0,14,16,3,2,11,16,1,3,12,16,0,2,14,16,7,3,6,16,5,2,9,16,,,2,0,0,2,0,0,1,0,1,0,0,0,0,16,,,0,0,0,0,1,0,1,0,0,0,0,0,0,0,0,0,0,0,1,0,1,0,0,0,16,,,5,,,3,,,15,,,,15,,,,16,,,16,,,16,,,16,,,16,,
Integrated Infrastructure Services,Building Great Neighbourhoods,M,24,25,24,9.5,4.667,9.833,5.692,4.538,13.692,6.5,5.286,12.071,3,5.5,15.375,24,10,6,8,24,7,5,12,24,11,4,9,24,11,5,8,24,8,3,13,24,10,5,9,24,7,5,12,24,1,3,20,24,5,5,14,24,4,5,15,24,12,3,9,24,7,10,7,23,3,4,16,24,2,3,19,24,4,6,14,24,4,4,16,24,2,5,17,24,4,8,12,24,1,7,16,24,4,7,13,24,2,8,14,24,4,6,14,24,13,4,7,24,13,4,7,24,11,4,9,23,5,9,9,23,3,4,16,24,5,5,14,24,6,4,14,24,4,2,18,24,5,2,17,24,14,4,6,24,12,5,7,24,,,0,1,1,0,0,1,0,0,0,0,0,0,1,24,,,0,0,0,0,0,0,0,0,0,0,0,0,0,0,0,0,0,0,0,0,0,0,0,0,24,,,4,,,1,,,22,,,,22,,,,23,,,24,,,24,,,24,,,24,,
Integrated Infrastructure Services,Building Great Neighbourhoods,ALL,40,42,40,12,9.167,18.833,7.692,6.692,25.462,9.286,7.214,23.357,4.5,7,28.25,40,12,12,16,40,10,10,20,40,14,8,18,40,14,8,18,40,10,9,21,40,12,8,20,40,9,5,26,40,1,5,34,40,6,8,26,40,7,8,25,40,18,6,16,40,10,14,16,39,4,6,29,40,3,3,34,40,6,10,24,40,5,7,28,40,4,5,31,40,6,9,25,40,2,8,30,39,6,8,25,39,4,9,26,40,6,7,27,40,19,5,16,40,18,4,18,40,14,8,18,39,7,13,19,39,3,7,29,40,7,5,28,40,9,6,25,40,5,5,30,40,5,4,31,40,21,7,12,40,17,7,16,40,,,2,1,1,2,0,1,1,0,1,0,0,0,1,40,,,0,0,0,0,1,0,1,0,0,0,0,0,0,0,0,0,0,0,1,0,1,0,0,0,40,,,9,,,4,,,37,,,,37,,,,39,,,40,,,40,,,40,,,40,,
Integrated Infrastructure Services,Business Planning and Supports,F,54,62,54,10.667,9.167,33.667,8.308,9.462,35.231,7.5,9.429,35.643,4.25,5.875,42.875,54,9,13,32,54,8,5,41,53,15,7,31,53,11,2,40,54,9,14,31,53,12,14,27,52,5,8,39,54,2,8,44,53,8,12,33,53,7,5,41,51,12,13,26,53,13,14,26,54,4,4,46,54,3,7,44,54,8,5,41,53,4,5,44,52,4,6,42,52,6,9,37,52,2,5,45,53,3,6,44,53,4,10,39,53,14,8,31,50,12,11,27,51,12,14,25,54,4,9,41,54,6,10,38,53,5,20,28,53,6,11,36,53,12,12,29,51,8,7,36,54,5,9,40,52,18,11,23,54,18,12,24,53,9,44,5,3,3,0,0,2,1,1,3,0,1,2,1,54,2,52,0,1,0,0,0,0,0,0,0,0,0,1,1,0,0,0,0,0,1,0,1,0,0,0,53,14,39,22,,,11,,,49,15,10,24,54,13,13,28,51,0,51,54,16,38,54,6,48,54,4,50,54,37,17
Integrated Infrastructure Services,Business Planning and Supports,M,118,141,118,33.167,19.5,65,21.462,18.231,76.308,23.929,14.714,78.5,11.875,12,92.875,118,34,24,60,118,22,17,79,116,40,20,56,118,35,18,65,118,24,20,74,118,44,18,56,115,26,17,72,118,9,11,98,114,21,18,75,118,23,8,87,116,45,25,46,117,32,22,63,118,8,8,102,117,12,9,96,117,13,13,91,118,13,14,91,114,23,10,81,117,9,19,89,118,6,9,103,115,11,14,90,115,11,14,90,118,26,18,74,118,42,21,55,117,53,14,50,118,19,11,88,117,15,14,88,111,24,30,57,116,21,20,75,118,28,14,76,117,9,23,85,118,11,11,96,114,35,29,50,116,36,23,57,118,38,80,28,1,25,6,2,7,10,17,2,2,3,7,3,116,21,95,9,4,3,7,2,5,4,0,0,0,0,0,0,0,0,4,0,4,5,11,2,0,2,5,118,49,69,61,,,29,,,108,33,25,50,115,42,15,58,111,2,109,117,37,80,117,4,113,115,6,109,117,80,37
Integrated Infrastructure Services,Business Planning and Supports,ALL,172,203,172,43.833,28.667,98.667,29.769,27.692,111.538,31.429,24.143,114.143,16.125,17.875,135.75,172,43,37,92,172,30,22,120,169,55,27,87,171,46,20,105,172,33,34,105,171,56,32,83,167,31,25,111,172,11,19,142,167,29,30,108,171,30,13,128,167,57,38,72,170,45,36,89,172,12,12,148,171,15,16,140,171,21,18,132,171,17,19,135,166,27,16,123,169,15,28,126,170,8,14,148,168,14,20,134,168,15,24,129,171,40,26,105,168,54,32,82,168,65,28,75,172,23,20,129,171,21,24,126,164,29,50,85,169,27,31,111,171,40,26,105,168,17,30,121,172,16,20,136,166,53,40,73,170,54,35,81,171,47,124,33,4,28,6,2,9,11,18,5,2,4,9,4,170,23,147,9,5,3,7,2,5,4,0,0,0,0,1,1,0,0,4,0,4,6,11,3,0,2,5,171,63,108,83,39,44,40,,,157,48,35,74,169,55,28,86,162,2,160,171,53,118,171,10,161,169,10,159,171,117,54
Urban Form & Corporate Strategic Development,City Planning,F,93,107,93,19.833,17.833,54.667,18.077,15.385,56.615,18.357,16.786,54.571,11.375,11.25,67,93,25,16,52,93,11,18,64,92,24,20,48,93,16,21,56,92,20,12,60,91,23,20,48,88,14,16,58,93,6,15,72,91,18,8,65,92,10,18,64,87,36,32,19,92,30,20,42,91,5,7,79,91,8,8,75,93,16,9,68,91,12,13,66,86,18,14,54,91,20,13,58,84,3,14,67,90,9,12,69,89,7,16,66,92,24,10,58,87,26,20,41,88,27,17,44,93,15,12,66,91,21,14,56,85,19,23,43,92,14,20,58,90,23,19,48,89,19,25,45,92,9,15,68,89,34,21,34,88,33,20,35,93,22,71,14,1,9,5,0,4,6,5,4,2,3,9,3,93,14,79,2,0,0,0,1,4,9,0,0,1,2,2,2,0,0,4,0,5,4,5,2,2,0,4,91,20,71,31,16,15,16,,,79,27,29,23,84,28,22,34,92,0,92,93,20,73,93,6,87,93,3,90,92,65,27
Urban Form & Corporate Strategic Development,City Planning,M,137,155,137,30.5,25.5,80.667,25.154,20.846,89.154,25.214,22.857,85.429,17.75,13,101.625,137,38,29,70,137,21,31,85,136,42,24,70,137,26,23,88,137,24,25,88,136,32,21,83,136,20,23,93,136,13,14,109,135,25,13,97,136,16,18,102,132,52,30,50,136,29,39,68,133,13,12,108,135,16,8,111,135,23,10,102,133,17,17,99,125,21,12,92,133,23,17,93,130,11,18,101,135,18,10,107,134,18,13,103,136,32,29,75,131,36,31,64,133,30,36,67,137,25,17,95,135,26,23,86,133,22,36,75,137,28,24,85,137,28,31,78,136,23,28,85,134,15,12,107,136,48,30,58,135,38,32,65,137,28,109,18,0,17,2,3,5,12,7,3,4,6,1,2,136,19,117,6,3,0,6,1,5,1,0,0,1,1,1,0,0,0,4,4,5,5,6,4,3,1,1,137,24,113,43,18,25,19,,,124,31,47,46,129,32,40,57,131,0,131,135,59,76,137,4,133,135,4,131,136,79,57
Urban Form & Corporate Strategic Development,City Planning,ALL,230,262,230,50.333,43.333,135.333,43.231,36.231,145.769,43.571,39.643,140,29.125,24.25,168.625,230,63,45,122,230,32,49,149,228,66,44,118,230,42,44,144,229,44,37,148,227,55,41,131,224,34,39,151,229,19,29,181,226,43,21,162,228,26,36,166,219,88,62,69,228,59,59,110,224,18,19,187,226,24,16,186,228,39,19,170,224,29,30,165,211,39,26,146,224,43,30,151,214,14,32,168,225,27,22,176,223,25,29,169,228,56,39,133,218,62,51,105,221,57,53,111,230,40,29,161,226,47,37,142,218,41,59,118,229,42,44,143,227,51,50,126,225,42,53,130,226,24,27,175,225,82,51,92,223,71,52,100,230,50,180,32,1,26,7,3,9,18,12,7,6,9,10,5,229,33,196,8,3,0,6,2,9,10,0,0,2,3,3,2,0,0,8,4,10,9,11,6,5,1,5,228,44,184,74,34,40,35,,,203,58,76,69,213,60,62,91,223,0,223,228,79,149,230,10,220,228,7,221,228,144,84
Communications and Engagement,Communications Services,M,15,16,15,3.5,2.167,9.333,2.846,1.615,10.538,3.071,2.143,9.643,1.5,1.5,11.75,15,3,4,8,15,3,1,11,15,4,1,10,15,3,4,8,15,4,2,9,15,4,1,10,15,2,4,9,15,3,1,11,15,4,0,11,15,3,1,11,15,4,3,8,15,4,3,8,15,1,0,14,15,1,0,14,15,1,2,12,15,1,3,11,14,4,2,8,15,1,4,10,14,2,1,11,15,1,0,14,15,1,2,12,15,4,2,9,15,4,4,7,15,4,3,8,15,2,1,12,15,3,3,9,15,3,3,9,15,4,2,9,15,4,2,9,15,4,2,9,15,3,1,11,15,4,3,8,15,5,0,10,15,,,3,0,3,0,0,0,2,1,1,0,1,1,0,15,,,0,0,0,1,0,1,1,0,0,0,0,0,0,0,0,0,0,0,1,1,0,0,0,0,15,,,5,,,2,,,14,,,,14,,,,15,,,15,,,15,,,15,,,15,,
Communications and Engagement,Communications Services,F,55,61,55,18.667,11.5,24.833,16,9,29.769,18.429,7.714,28.286,8.625,7.5,38.125,55,16,15,24,55,8,14,33,55,29,7,19,55,20,14,21,55,18,7,30,55,21,12,22,54,12,13,29,55,7,7,41,55,17,8,30,55,17,7,31,54,26,8,20,55,21,12,22,55,4,7,44,55,3,9,43,55,9,7,39,55,7,11,37,52,21,4,27,54,13,7,34,54,3,9,42,54,9,6,39,53,7,10,36,55,27,5,23,54,31,6,17,54,27,8,19,55,19,5,31,55,21,12,22,54,21,12,21,55,15,11,29,55,26,6,23,55,17,16,22,55,14,6,35,55,28,6,21,55,30,5,20,55,,,15,1,11,0,0,3,4,5,6,9,1,3,0,55,,,0,0,0,0,0,2,4,0,0,0,1,0,1,1,0,1,0,2,0,2,1,2,0,1,55,,,23,,,11,,,50,,,,51,,,,54,,,55,,,55,,,55,,,55,,
Communications and Engagement,Communications Services,ALL,70,77,70,22.167,13.667,34.167,18.846,10.615,40.308,21.5,9.857,37.929,10.125,9,49.875,70,19,19,32,70,11,15,44,70,33,8,29,70,23,18,29,70,22,9,39,70,25,13,32,69,14,17,38,70,10,8,52,70,21,8,41,70,20,8,42,69,30,11,28,70,25,15,30,70,5,7,58,70,4,9,57,70,10,9,51,70,8,14,48,66,25,6,35,69,14,11,44,68,5,10,53,69,10,6,53,68,8,12,48,70,31,7,32,69,35,10,24,69,31,11,27,70,21,6,43,70,24,15,31,69,24,15,30,70,19,13,38,70,30,8,32,70,21,18,31,70,17,7,46,70,32,9,29,70,35,5,30,70,23,47,18,1,14,0,0,3,6,6,7,9,2,4,0,70,9,61,0,0,0,1,0,3,5,0,0,0,1,0,1,1,0,1,0,2,1,3,1,2,0,1,70,21,49,28,,,13,,,64,33,20,11,65,34,14,17,69,0,69,70,12,58,70,6,64,70,4,66,70,56,14
Citizen Services,Community & Recreation Facilities,M,355,773,355,60.5,67.167,224.5,60.538,58.462,232,58.429,58.786,230.143,60.625,44.75,245.625,355,64,62,229,352,32,53,267,354,80,78,196,354,28,56,270,353,56,66,231,345,103,88,154,351,32,36,283,354,27,57,270,349,67,71,211,354,33,35,286,332,71,84,177,340,96,82,162,352,44,37,271,354,57,35,262,352,74,52,226,352,61,46,245,344,90,41,213,352,73,52,227,353,30,41,282,349,56,54,239,347,50,68,229,354,63,45,246,336,63,76,197,333,62,80,191,355,48,42,265,355,43,51,261,350,38,55,257,352,56,88,208,351,82,67,202,350,44,75,231,354,27,47,280,351,91,74,186,352,74,72,206,354,98,256,79,5,50,9,9,31,30,16,15,9,35,11,10,352,52,300,12,7,5,7,1,10,11,4,4,4,4,5,5,12,5,6,6,18,16,10,10,10,20,7,354,115,239,157,76,81,82,35,47,348,94,63,191,347,94,47,206,330,5,325,354,79,275,354,31,323,353,44,309,354,245,109
Citizen Services,Community & Recreation Facilities,F,672,"1,283",672,70,111.167,484.167,84,98.769,478.077,84.429,96.786,473.286,95.375,71.625,494.5,672,74,113,485,670,31,64,575,664,81,138,445,669,49,72,548,668,73,80,515,649,112,200,337,663,31,58,574,662,32,99,531,643,100,141,402,669,71,58,540,612,70,197,345,637,155,164,318,668,71,56,541,665,85,54,526,669,111,85,473,666,90,91,485,642,163,52,427,657,108,110,439,665,45,60,560,660,90,65,505,651,73,87,491,666,89,97,480,636,93,128,415,636,82,133,421,671,78,67,526,670,63,72,535,660,50,73,537,670,63,88,519,663,67,112,484,665,41,108,516,667,53,58,556,657,134,121,402,666,127,92,447,670,177,493,134,27,82,18,12,62,54,22,23,11,69,15,14,666,96,570,15,8,6,8,9,35,44,2,4,10,7,8,5,4,2,17,4,35,38,13,14,4,32,9,668,177,491,261,138,123,141,76,65,631,154,140,337,653,157,110,386,627,6,621,668,84,584,669,53,616,667,63,604,670,476,194
Citizen Services,Community & Recreation Facilities,ALL,"1,027","2,056","1,027",130.5,178.333,708.667,144.538,157.231,710.077,142.857,155.571,703.429,156,116.375,740.125,"1,027",138,175,714,"1,022",63,117,842,"1,018",161,216,641,"1,023",77,128,818,"1,021",129,146,746,994,215,288,491,"1,014",63,94,857,"1,016",59,156,801,992,167,212,613,"1,023",104,93,826,944,141,281,522,977,251,246,480,"1,020",115,93,812,"1,019",142,89,788,"1,021",185,137,699,"1,018",151,137,730,986,253,93,640,"1,009",181,162,666,"1,018",75,101,842,"1,009",146,119,744,998,123,155,720,"1,020",152,142,726,972,156,204,612,969,144,213,612,"1,026",126,109,791,"1,025",106,123,796,"1,010",88,128,794,"1,022",119,176,727,"1,014",149,179,686,"1,015",85,183,747,"1,021",80,105,836,"1,008",225,195,588,"1,018",201,164,653,"1,024",275,749,213,32,132,27,21,93,84,38,38,20,104,26,24,"1,018",148,870,27,15,11,15,10,45,55,6,8,14,11,13,10,16,7,23,10,53,54,23,24,14,52,16,"1,022",292,730,418,214,204,223,111,112,979,248,203,528,"1,000",251,157,592,957,11,946,"1,022",163,859,"1,023",84,939,"1,020",107,913,"1,024",721,303
Citizen Services,Community Standards and Neighbourhoods,F,131,151,131,29.5,30.167,71.333,30.769,23.923,75.692,30.429,25.357,73.857,22.25,15.75,91.625,131,39,31,61,131,16,25,90,131,36,35,60,131,23,31,77,131,23,31,77,131,40,28,63,131,35,21,75,131,10,18,103,131,17,27,87,131,26,23,82,128,48,43,37,129,27,41,61,130,15,15,100,130,20,15,95,130,33,20,77,130,23,16,91,128,24,10,94,130,25,22,83,130,15,12,103,129,23,16,90,130,21,24,85,130,55,26,49,128,51,31,46,128,46,36,46,130,32,19,79,131,27,28,76,129,30,38,61,131,27,28,76,131,32,32,67,131,20,34,77,130,31,15,84,131,49,21,61,131,45,31,55,131,52,79,43,3,26,6,7,21,14,13,9,1,13,9,3,129,30,99,3,2,1,2,0,11,13,0,1,2,4,7,9,1,1,7,2,16,11,9,5,3,4,7,131,66,65,76,57,19,56,,,128,72,35,21,128,67,29,32,126,1,125,131,9,122,131,18,113,131,6,125,131,113,18
Citizen Services,Community Standards and Neighbourhoods,M,146,167,146,29.833,28.333,87.5,29.231,26.615,89.538,32.214,25.857,86.143,20.5,17.75,107.25,146,34,30,82,146,15,24,107,146,37,33,76,145,13,24,108,146,33,26,87,145,47,33,65,146,19,23,104,146,17,17,112,146,33,23,90,146,24,19,103,137,43,45,49,145,31,38,76,146,15,6,125,146,17,18,111,146,20,23,103,146,25,18,103,143,37,10,96,146,21,34,91,146,6,15,125,145,23,18,104,145,22,27,96,144,39,22,83,141,41,35,65,141,36,43,62,146,55,16,75,146,46,18,82,144,22,39,83,146,39,33,74,145,39,34,72,146,26,45,75,145,18,16,111,144,50,30,64,146,42,37,67,146,26,120,22,4,15,8,5,15,10,8,4,1,13,1,1,146,27,119,13,5,4,8,2,12,4,0,0,4,2,1,1,0,4,4,2,12,8,4,5,1,11,3,145,45,100,61,22,39,24,,,139,41,34,64,143,38,24,81,140,0,140,145,25,120,146,13,133,145,9,136,146,121,25
Citizen Services,Community Standards and Neighbourhoods,ALL,277,318,277,59.333,58.5,158.833,60,50.538,165.231,62.643,51.214,160,42.75,33.5,198.875,277,73,61,143,277,31,49,197,277,73,68,136,276,36,55,185,277,56,57,164,276,87,61,128,277,54,44,179,277,27,35,215,277,50,50,177,277,50,42,185,265,91,88,86,274,58,79,137,276,30,21,225,276,37,33,206,276,53,43,180,276,48,34,194,271,61,20,190,276,46,56,174,276,21,27,228,274,46,34,194,275,43,51,181,274,94,48,132,269,92,66,111,269,82,79,108,276,87,35,154,277,73,46,158,273,52,77,144,277,66,61,150,276,71,66,139,277,46,79,152,275,49,31,195,275,99,51,125,277,87,68,122,277,78,199,65,7,41,14,12,36,24,21,13,2,26,10,4,275,57,218,16,7,5,10,2,23,17,0,1,6,6,8,10,1,5,11,4,28,19,13,10,4,15,10,276,111,165,137,79,58,80,27,53,267,113,69,85,271,105,53,113,266,1,265,276,34,242,277,31,246,276,15,261,277,234,43
Financial & Corporate Services,Corporate Procurement & Supply Services,M,65,83,65,19,12.5,33.333,18.077,12.231,34.615,16,13.643,35.071,14.375,12,38.5,65,19,14,32,64,13,11,40,65,19,14,32,65,19,12,34,65,18,13,34,65,26,11,28,64,16,13,35,65,6,14,45,65,17,11,37,65,10,11,44,65,20,18,27,64,19,18,27,65,14,16,35,65,15,10,40,65,20,14,31,65,17,14,34,65,7,5,53,65,19,14,32,64,6,13,45,65,17,10,38,64,18,14,32,65,23,10,32,64,23,15,26,65,23,14,28,65,19,11,35,65,20,17,28,65,18,11,36,65,17,19,29,65,20,13,32,65,9,16,40,64,7,7,50,65,28,12,25,65,23,13,29,64,14,50,11,1,8,2,1,3,5,3,1,0,0,1,4,65,8,57,2,0,0,1,1,3,4,0,0,0,0,1,1,0,0,2,0,3,1,4,0,0,0,2,64,20,44,26,6,20,7,,,62,22,16,24,63,21,16,26,61,1,60,65,15,50,65,5,60,65,3,62,65,47,18
Financial & Corporate Services,Corporate Procurement & Supply Services,F,67,77,67,19.333,9.667,37.833,16.385,11.231,38.923,16.571,9.643,40.643,14.5,7.625,44.625,67,24,8,35,67,12,11,44,67,21,10,36,67,18,7,42,67,21,7,39,66,20,15,31,67,16,10,41,67,8,9,50,67,14,7,46,67,16,6,45,66,16,14,36,67,24,6,37,67,15,9,43,66,13,8,45,67,17,8,42,67,18,9,40,67,11,5,51,67,18,7,42,67,7,8,52,66,17,7,42,64,14,10,40,66,24,14,28,67,23,11,33,67,22,13,32,67,14,12,41,67,19,14,34,65,19,13,33,67,18,9,40,66,18,13,35,67,11,19,37,67,11,8,48,67,16,13,38,67,20,14,33,67,22,45,15,1,16,3,1,6,12,6,3,2,1,2,3,67,10,57,1,1,0,0,0,4,2,0,1,0,0,0,0,1,0,2,0,3,4,5,3,2,0,1,67,19,48,27,14,13,14,,,62,21,19,22,63,20,17,26,63,0,63,67,16,51,67,1,66,67,5,62,67,48,19
Financial & Corporate Services,Corporate Procurement & Supply Services,ALL,132,160,132,38.333,22.167,71.167,34.462,23.462,73.538,32.571,23.286,75.714,28.875,19.625,83.125,132,43,22,67,131,25,22,84,132,40,24,68,132,37,19,76,132,39,20,73,131,46,26,59,131,32,23,76,132,14,23,95,132,31,18,83,132,26,17,89,131,36,32,63,131,43,24,64,132,29,25,78,131,28,18,85,132,37,22,73,132,35,23,74,132,18,10,104,132,37,21,74,131,13,21,97,131,34,17,80,128,32,24,72,131,47,24,60,131,46,26,59,132,45,27,60,132,33,23,76,132,39,31,62,130,37,24,69,132,35,28,69,131,38,26,67,132,20,35,77,131,18,15,98,132,44,25,63,132,43,27,62,131,36,95,26,2,24,5,2,9,17,9,4,2,1,3,7,132,18,114,3,1,0,1,1,7,6,0,1,0,0,1,1,1,0,4,0,6,5,9,3,2,0,3,131,39,92,53,20,33,21,,,124,43,35,46,126,41,33,52,124,1,123,132,31,101,132,6,126,132,8,124,132,95,37
Urban Form & Corporate Strategic Development,Corporate Strategy,M,17,17,17,2.333,4.5,10.167,2.308,2.385,12.077,1.929,2.786,12.214,1.25,1.75,13.875,17,1,5,11,17,2,4,11,17,3,5,9,17,4,5,8,17,2,5,10,17,2,3,12,16,1,4,11,17,1,1,15,17,2,1,14,17,2,0,15,17,6,4,7,17,3,7,7,17,2,1,14,17,1,2,14,17,2,2,13,17,1,3,13,17,0,0,17,17,1,4,12,16,2,0,14,17,1,2,14,16,1,2,13,16,3,2,11,17,5,3,9,17,2,4,11,17,0,1,16,17,0,4,13,16,2,2,12,17,2,5,10,17,2,4,11,17,3,5,9,17,0,2,15,17,7,1,9,17,4,3,10,17,,,2,0,3,0,0,1,3,0,0,1,0,0,0,17,,,0,0,0,0,0,0,1,0,0,0,0,0,0,0,0,0,0,0,1,0,0,0,0,0,17,,,4,,,2,,,14,,,,16,,,,17,,,17,,,17,,,17,,,17,,
Urban Form & Corporate Strategic Development,Corporate Strategy,F,23,23,23,4.167,3.333,15.5,4.077,3.154,15.692,2.643,3.714,16.357,1.375,2.375,19,23,3,1,19,23,6,3,14,23,6,4,13,23,4,6,13,23,3,1,19,23,3,5,15,23,6,5,12,23,1,0,22,23,5,5,13,23,3,3,17,23,8,8,7,23,2,9,12,23,0,3,20,23,1,2,20,23,2,2,19,23,1,2,20,21,3,1,17,23,1,5,17,23,2,2,19,23,1,2,20,23,1,2,20,22,4,4,14,22,6,4,12,22,3,4,15,23,2,1,20,23,2,6,15,23,5,3,15,23,3,0,20,23,2,3,18,23,4,3,16,23,0,3,20,23,13,5,5,23,7,3,13,23,,,1,0,2,0,0,1,1,1,0,0,0,0,1,23,,,0,0,0,0,0,0,0,0,0,0,0,0,0,0,0,0,0,0,0,0,0,0,0,0,23,,,6,,,4,,,19,,,,22,,,,23,,,23,,,23,,,23,,,23,,
Urban Form & Corporate Strategic Development,Corporate Strategy,ALL,40,40,40,6.5,7.833,25.667,6.385,5.538,27.769,4.571,6.5,28.571,2.625,4.125,32.875,40,4,6,30,40,8,7,25,40,9,9,22,40,8,11,21,40,5,6,29,40,5,8,27,39,7,9,23,40,2,1,37,40,7,6,27,40,5,3,32,40,14,12,14,40,5,16,19,40,2,4,34,40,2,4,34,40,4,4,32,40,2,5,33,38,3,1,34,40,2,9,29,39,4,2,33,40,2,4,34,39,2,4,33,38,7,6,25,39,11,7,21,39,5,8,26,40,2,2,36,40,2,10,28,39,7,5,27,40,5,5,30,40,4,7,29,40,7,8,25,40,0,5,35,40,20,6,14,40,11,6,23,40,,,3,0,5,0,0,2,4,1,0,1,0,0,1,40,,,0,0,0,0,0,0,1,0,0,0,0,0,0,0,0,0,0,0,1,0,0,0,0,0,40,,,10,,,6,,,33,,,,38,,,,40,,,40,,,40,,,40,,,40,,
Urban Form & Corporate Strategic Development,Development Services,F,113,130,113,12.167,18.833,81.333,13.615,16.154,82.308,15.071,16.143,79.786,12.25,9.875,89.75,113,14,22,77,112,11,15,86,113,12,19,82,113,10,12,91,113,12,19,82,110,14,26,70,111,13,13,85,113,6,11,96,113,14,13,86,113,13,8,92,107,18,32,57,110,18,19,73,113,8,11,94,113,12,8,93,113,14,8,91,113,12,9,92,106,20,9,77,112,18,8,86,113,6,12,95,112,8,14,90,110,10,11,89,113,16,22,75,110,18,23,69,110,18,25,67,113,17,11,85,113,25,19,69,112,9,21,82,111,15,17,79,111,11,25,75,111,7,26,78,112,6,7,99,110,29,22,59,113,23,17,73,113,22,91,13,2,13,4,1,4,7,4,4,2,6,2,4,112,22,90,5,4,0,0,1,8,10,1,2,4,3,4,2,1,1,3,1,6,8,7,2,4,8,2,112,36,76,45,21,24,23,,,105,32,23,50,109,34,25,50,112,4,108,112,30,82,113,12,101,112,4,108,113,91,22
Urban Form & Corporate Strategic Development,Development Services,M,129,156,129,17.167,25.833,85.667,18.462,23.308,85,18.571,21.357,86.5,13.5,15.875,97.125,129,18,26,85,129,11,27,91,129,18,36,75,129,16,16,97,129,15,19,95,127,25,31,71,127,18,16,93,128,5,12,111,128,16,32,80,129,9,17,103,123,33,34,56,125,14,21,90,129,9,13,107,126,8,14,104,126,14,19,93,126,14,23,89,125,26,12,87,126,18,17,91,128,5,13,110,126,14,16,96,125,11,22,92,126,27,21,78,126,28,35,63,126,25,36,65,128,27,13,88,127,28,16,83,127,21,21,85,127,14,27,86,125,19,26,80,127,8,27,92,126,5,19,102,126,37,35,54,128,33,36,59,129,27,102,24,0,6,2,2,5,5,2,2,1,12,2,5,127,11,116,7,4,2,3,0,1,4,0,1,0,0,1,0,0,0,1,1,2,3,2,1,2,6,1,129,24,105,37,15,22,17,,,121,19,46,56,122,23,35,64,124,0,124,129,32,97,129,5,124,128,10,118,127,90,37
Urban Form & Corporate Strategic Development,Development Services,ALL,242,286,242,29.333,44.667,167,32.077,39.462,167.308,33.643,37.5,166.286,25.75,25.75,186.875,242,32,48,162,241,22,42,177,242,30,55,157,242,26,28,188,242,27,38,177,237,39,57,141,238,31,29,178,241,11,23,207,241,30,45,166,242,22,25,195,230,51,66,113,235,32,40,163,242,17,24,201,239,20,22,197,239,28,27,184,239,26,32,181,231,46,21,164,238,36,25,177,241,11,25,205,238,22,30,186,235,21,33,181,239,43,43,153,236,46,58,132,236,43,61,132,241,44,24,173,240,53,35,152,239,30,42,167,238,29,44,165,236,30,51,155,238,15,53,170,238,11,26,201,236,66,57,113,241,56,53,132,242,49,193,37,2,19,6,3,9,12,6,6,3,18,4,9,239,33,206,12,8,2,3,1,9,14,1,3,4,3,5,2,1,1,4,2,8,11,9,3,6,14,3,241,60,181,82,36,46,40,,,226,51,69,106,231,57,60,114,236,4,232,241,62,179,242,17,225,240,14,226,240,181,59
Urban Form & Corporate Strategic Development,EconomicandEnviro Sust.,M,25,28,25,5.833,2.667,16.5,4.769,2.769,17.154,4.357,3.071,17.429,2.125,2.125,20.375,25,6,1,18,25,7,3,15,25,8,3,14,25,4,7,14,25,5,2,18,25,5,0,20,23,6,3,14,25,3,1,21,25,3,2,20,25,0,2,23,25,12,4,9,25,8,3,14,25,1,1,23,24,1,2,21,25,3,2,20,25,1,2,22,25,5,1,19,24,3,4,17,24,1,2,21,25,2,3,20,24,0,4,20,25,7,1,17,25,5,6,14,25,7,3,15,25,3,0,22,25,4,4,17,25,5,6,14,25,4,5,16,25,7,6,12,25,7,6,12,25,1,2,22,25,11,4,10,24,8,4,12,25,4,21,3,0,3,0,0,1,1,1,0,0,0,1,1,25,3,22,1,0,0,0,0,2,1,0,0,0,0,0,0,0,0,0,0,1,0,0,1,0,0,1,24,,,8,,,2,,,19,,,,22,,,,25,0,25,24,,,25,0,25,24,,,25,14,11
Urban Form & Corporate Strategic Development,EconomicandEnviro Sust.,F,32,36,32,4.5,6,21.5,5.538,4.231,21.538,4.786,4.571,22.214,3.25,2.5,26,32,4,9,19,32,3,7,22,32,7,8,17,32,4,4,24,32,5,5,22,32,4,3,25,28,7,7,14,32,4,1,27,32,3,6,23,32,6,4,22,31,10,7,14,30,9,6,15,32,2,4,26,32,2,2,28,32,5,3,24,32,5,3,24,31,5,1,25,32,5,2,25,32,0,4,28,31,2,1,28,31,4,2,25,32,8,4,20,31,7,8,16,31,6,4,21,32,0,4,28,32,2,6,24,28,7,8,13,32,5,4,23,32,7,7,18,32,5,6,21,32,3,3,26,32,11,6,15,32,9,5,18,32,7,25,6,0,4,0,0,0,3,3,1,1,0,0,1,32,5,27,0,0,0,0,0,3,2,0,0,0,0,0,0,0,0,0,0,1,2,2,0,0,0,1,32,,,11,,,6,,,25,,,,30,,,,31,0,31,32,,,32,1,31,30,,,32,26,6
Urban Form & Corporate Strategic Development,EconomicandEnviro Sust.,ALL,57,64,57,10.333,8.667,38,10.308,7,38.692,9.143,7.643,39.643,5.375,4.625,46.375,57,10,10,37,57,10,10,37,57,15,11,31,57,8,11,38,57,10,7,40,57,9,3,45,51,13,10,28,57,7,2,48,57,6,8,43,57,6,6,45,56,22,11,23,55,17,9,29,57,3,5,49,56,3,4,49,57,8,5,44,57,6,5,46,56,10,2,44,56,8,6,42,56,1,6,49,56,4,4,48,55,4,6,45,57,15,5,37,56,12,14,30,56,13,7,36,57,3,4,50,57,6,10,41,53,12,14,27,57,9,9,39,57,14,13,30,57,12,12,33,57,4,5,48,57,22,10,25,56,17,9,30,57,11,46,9,0,7,0,0,1,4,4,1,1,0,1,2,57,8,49,1,0,0,0,0,5,3,0,0,0,0,0,0,0,0,0,0,2,2,2,1,0,0,2,56,13,43,19,,,8,,,44,,,,52,20,14,18,56,0,56,56,8,48,57,1,56,54,5,49,57,40,17
City Operations,Edmonton Transit Services,F,319,458,319,56.167,66.667,193.333,61.615,62.923,188.615,61.071,62.929,189.571,56.125,61.625,194,319,59,70,190,318,39,50,229,317,66,84,167,317,45,53,219,317,47,59,211,309,81,84,144,317,53,45,219,318,26,44,248,308,53,67,188,317,78,53,186,303,80,99,124,313,65,80,168,316,49,39,228,311,50,65,196,310,77,76,157,311,45,57,209,312,81,35,196,316,65,79,172,310,30,70,210,308,52,72,184,302,57,113,132,317,83,54,180,310,77,88,145,309,72,89,148,319,78,40,201,319,51,43,225,316,70,75,171,314,43,64,207,316,41,56,219,314,24,58,232,316,45,46,225,315,86,66,163,317,101,55,161,316,116,200,88,29,50,8,9,52,30,16,28,14,49,5,12,315,58,257,25,10,6,10,4,17,34,0,3,8,3,3,5,3,3,6,5,33,16,12,11,6,22,3,312,93,219,149,67,82,73,18,55,298,107,83,108,310,105,70,135,302,6,296,313,75,238,315,48,267,308,19,289,307,238,69
City Operations,Edmonton Transit Services,M,"1,088","1,705","1,088",147,213.5,712.5,185.231,221.077,651.692,177.071,219.214,659.214,194.25,221.5,632.5,"1,088",140,221,727,"1,077",54,167,856,"1,068",194,248,626,"1,077",88,174,815,"1,074",158,190,726,"1,054",248,281,525,"1,074",142,139,793,"1,075",64,131,880,"1,053",167,259,627,"1,075",230,187,658,"1,032",260,320,452,"1,054",154,253,647,"1,064",154,185,725,"1,054",212,236,606,"1,036",303,264,469,"1,055",165,214,676,"1,052",204,119,729,"1,050",219,262,569,"1,048",119,224,705,"1,027",178,268,581,999,273,349,377,"1,068",182,207,679,"1,038",197,306,535,"1,041",181,337,523,"1,072",207,150,715,"1,075",121,141,813,"1,066",195,225,646,"1,052",205,236,611,"1,061",133,190,738,"1,068",77,193,798,"1,063",95,159,809,"1,060",238,244,578,"1,064",237,213,614,"1,077",278,799,192,14,133,39,32,85,59,34,41,31,143,36,26,"1,077",206,871,121,73,30,89,51,29,17,3,4,12,3,9,9,8,8,37,17,80,37,20,27,28,116,19,"1,069",222,847,457,122,335,133,46,87,"1,012",281,257,474,"1,020",216,217,587,"1,033",13,"1,020","1,064",429,635,"1,080",69,"1,011","1,056",33,"1,023","1,059",674,385
City Operations,Edmonton Transit Services,ALL,"1,407","2,163","1,407",203.167,280.167,905.833,246.846,284,840.308,238.143,282.143,848.786,250.375,283.125,826.5,"1,407",199,291,917,"1,395",93,217,"1,085","1,385",260,332,793,"1,394",133,227,"1,034","1,391",205,249,937,"1,363",329,365,669,"1,391",195,184,"1,012","1,393",90,175,"1,128","1,361",220,326,815,"1,392",308,240,844,"1,335",340,419,576,"1,367",219,333,815,"1,380",203,224,953,"1,365",262,301,802,"1,346",380,340,626,"1,366",210,271,885,"1,364",285,154,925,"1,366",284,341,741,"1,358",149,294,915,"1,335",230,340,765,"1,301",330,462,509,"1,385",265,261,859,"1,348",274,394,680,"1,350",253,426,671,"1,391",285,190,916,"1,394",172,184,"1,038","1,382",265,300,817,"1,366",248,300,818,"1,377",174,246,957,"1,382",101,251,"1,030","1,379",140,205,"1,034","1,375",324,310,741,"1,381",338,268,775,"1,393",394,999,280,43,183,47,41,137,89,50,69,45,192,41,38,"1,392",264,"1,128",146,83,36,99,55,46,51,3,7,20,6,12,14,11,11,43,22,113,53,32,38,34,138,22,"1,381",315,"1,066",606,189,417,206,64,142,"1,310",388,340,582,"1,330",321,287,722,"1,335",19,"1,316","1,377",504,873,"1,395",117,"1,278","1,364",52,"1,312","1,366",912,454
Employee Services,Employee Relations,M,14,16,14,0.667,3.333,10,0.538,2.615,10.846,0.429,2.571,10.857,0.625,1.5,11.625,14,2,2,10,14,1,2,11,14,0,5,9,14,1,3,10,14,0,2,12,14,0,6,8,14,2,2,10,14,0,2,12,14,0,1,13,14,0,2,12,14,1,7,6,14,0,4,10,14,0,2,12,14,1,1,12,14,1,1,12,14,0,2,12,13,2,1,10,14,1,1,12,13,0,2,11,14,0,2,12,14,0,1,13,14,0,0,14,14,0,2,12,14,0,0,14,14,0,3,11,14,0,3,11,14,1,6,7,14,1,3,10,14,1,4,9,14,0,4,10,14,0,2,12,14,2,4,8,14,0,3,11,14,,,2,0,1,0,0,1,0,0,0,2,0,1,0,14,,,0,0,0,0,0,0,0,0,0,0,0,0,0,0,0,0,0,0,0,0,0,0,0,0,14,,,3,,,1,,,13,,,,13,,,,14,,,14,,,14,,,14,,,14,,
Employee Services,Employee Relations,F,17,17,17,0.333,4.167,11.333,1.769,3.462,11.308,1.071,3.857,11,1,2.125,12.875,17,1,5,11,17,0,4,13,15,0,5,10,15,0,3,12,15,0,3,12,16,1,5,10,17,1,6,10,17,0,4,13,17,1,0,16,17,1,3,13,16,1,5,10,15,1,8,6,16,0,2,14,17,1,1,15,17,1,3,13,16,0,3,13,15,4,0,11,15,1,3,11,16,0,3,13,16,1,2,13,15,0,3,12,16,2,2,12,15,1,3,11,15,1,4,10,17,3,5,9,17,1,4,12,16,2,5,9,15,0,7,8,17,1,4,12,16,0,7,9,17,0,3,14,17,7,3,7,17,6,4,7,17,,,0,0,0,0,0,0,0,0,0,0,0,0,0,17,,,0,0,0,0,0,0,1,0,0,0,0,0,0,0,0,0,0,0,1,0,0,0,0,0,17,,,1,,,0,,,15,,,,16,,,,17,,,17,,,17,,,17,,,17,,
Employee Services,Employee Relations,ALL,31,33,31,1,7.5,21.333,2.308,6.077,22.154,1.5,6.429,21.857,1.625,3.625,24.5,31,3,7,21,31,1,6,24,29,0,10,19,29,1,6,22,29,0,5,24,30,1,11,18,31,3,8,20,31,0,6,25,31,1,1,29,31,1,5,25,30,2,12,16,29,1,12,16,30,0,4,26,31,2,2,27,31,2,4,25,30,0,5,25,28,6,1,21,29,2,4,23,29,0,5,24,30,1,4,25,29,0,4,25,30,2,2,26,29,1,5,23,29,1,4,24,31,3,8,20,31,1,7,23,30,3,11,16,29,1,10,18,31,2,8,21,30,0,11,19,31,0,5,26,31,9,7,15,31,6,7,18,31,,,2,0,1,0,0,1,0,0,0,2,0,1,0,31,,,0,0,0,0,0,0,1,0,0,0,0,0,0,0,0,0,0,0,1,0,0,0,0,0,31,,,4,,,1,,,28,,,,29,,,,31,,,31,,,31,,,31,,,31,,
Communications and Engagement,Engagement,M,64,69,64,4.5,12.333,47.167,7.769,8.538,47.538,5.143,10.857,47.071,4.875,6,52.5,64,6,15,43,64,0,10,54,64,4,14,46,64,1,11,52,64,9,12,43,64,7,12,45,64,8,10,46,64,2,5,57,64,10,9,45,64,4,9,51,62,6,17,39,61,8,22,31,64,5,5,54,64,6,6,52,64,10,5,49,64,4,10,50,62,5,3,54,64,3,4,57,61,3,6,52,64,3,9,52,64,7,11,46,64,11,11,42,63,4,12,47,63,3,14,46,64,11,11,42,64,6,9,49,64,3,7,54,63,6,17,40,64,3,16,45,63,2,9,52,64,5,7,52,64,23,11,30,63,12,7,44,64,12,52,10,0,3,0,0,2,1,2,1,2,7,1,2,63,6,57,3,2,1,3,2,0,2,0,0,0,1,0,1,0,0,0,0,1,1,1,1,0,4,0,64,8,56,15,,,10,,,61,11,10,40,61,10,7,44,63,0,63,64,31,33,64,6,58,64,9,55,64,45,19
Communications and Engagement,Engagement,F,135,159,135,15.167,21.167,97.167,15.308,17.231,100.231,13.5,20.643,97.714,9.625,13.125,109.625,135,17,28,90,133,11,11,111,135,17,20,98,135,11,22,102,134,20,18,96,129,15,28,86,133,16,21,96,135,6,4,125,133,12,10,111,135,19,17,99,127,11,30,86,128,14,36,78,134,9,7,118,134,11,11,112,129,18,20,91,134,7,17,110,134,7,8,119,135,12,12,111,130,2,18,110,129,11,12,106,128,13,18,97,135,21,15,99,130,12,23,95,130,9,26,95,135,27,22,86,134,17,22,95,134,10,18,106,131,20,25,86,130,15,25,90,133,9,24,100,133,15,18,100,134,33,27,74,134,30,17,87,135,37,98,31,4,9,6,3,7,4,4,2,3,22,3,4,134,22,112,11,8,1,4,1,6,7,0,0,0,2,1,2,0,1,3,0,3,4,3,4,3,15,3,133,30,103,51,,,32,,,130,32,29,69,132,33,27,72,127,0,127,134,44,90,135,26,109,134,6,128,135,113,22
Communications and Engagement,Engagement,ALL,199,228,199,19.667,33.5,144.333,23.077,25.769,147.769,18.643,31.5,144.786,14.5,19.125,162.125,199,23,43,133,197,11,21,165,199,21,34,144,199,12,33,154,198,29,30,139,193,22,40,131,197,24,31,142,199,8,9,182,197,22,19,156,199,23,26,150,189,17,47,125,189,22,58,109,198,14,12,172,198,17,17,164,193,28,25,140,198,11,27,160,196,12,11,173,199,15,16,168,191,5,24,162,193,14,21,158,192,20,29,143,199,32,26,141,193,16,35,142,193,12,40,141,199,38,33,128,198,23,31,144,198,13,25,160,194,26,42,126,194,18,41,135,196,11,33,152,197,20,25,152,198,56,38,104,197,42,24,131,199,49,150,41,4,12,6,3,9,5,6,3,5,29,4,6,197,28,169,14,10,2,7,3,6,9,0,0,0,3,1,3,0,1,3,0,4,5,4,5,3,19,3,197,38,159,66,41,25,42,,,191,43,39,109,193,43,34,116,190,0,190,198,75,123,199,32,167,198,15,183,199,158,41
Financial & Corporate Services,Financial Services,M,34,38,34,3.5,5.5,24.833,2.692,5.846,24.846,3.286,4.857,25.786,2.875,4.625,26.375,34,6,6,22,34,2,3,29,34,3,8,23,34,2,4,28,33,4,3,26,34,4,9,21,32,2,4,26,34,0,2,32,34,6,3,25,34,1,4,29,34,5,10,19,34,4,4,26,34,2,4,28,34,0,6,28,34,3,5,26,34,4,6,24,34,6,1,27,34,5,7,22,33,1,3,29,34,2,5,27,34,1,7,26,34,2,5,27,34,4,6,24,34,1,9,24,34,3,2,29,34,2,3,29,29,0,6,23,34,4,8,22,34,4,6,24,33,2,7,24,34,4,1,29,34,6,9,19,34,4,9,21,34,5,29,2,0,3,0,0,1,0,1,0,1,0,1,2,34,2,32,1,0,0,1,0,0,0,0,0,1,0,0,0,1,0,0,0,0,0,2,1,1,0,0,34,6,28,9,,,6,,,31,4,12,15,33,7,11,15,32,0,32,34,15,19,34,0,34,34,5,29,34,25,9
Financial & Corporate Services,Financial Services,F,80,91,80,11.167,10.5,57.833,9.308,12.231,56.615,9.857,9.357,59.071,9,8,61,80,13,11,56,80,9,7,64,79,11,13,55,79,9,7,63,80,14,9,57,79,11,16,52,76,6,12,58,79,4,9,66,78,7,9,62,79,9,6,64,78,14,15,49,78,11,15,52,78,6,8,64,79,9,8,62,79,11,11,57,79,8,11,60,75,11,8,56,78,12,7,59,78,6,4,68,78,9,7,62,79,10,9,60,78,13,10,55,78,16,9,53,78,14,9,55,80,4,2,74,79,7,7,65,74,7,18,49,78,10,16,52,80,13,12,55,79,5,14,60,79,5,13,61,79,15,15,49,79,16,19,44,80,22,58,18,1,15,2,2,3,10,6,4,1,1,5,4,80,11,69,2,2,0,1,0,3,1,0,1,0,0,2,1,0,1,5,1,3,6,2,2,0,2,3,80,22,58,36,,,22,,,74,19,18,37,75,20,24,31,76,0,76,79,28,51,80,8,72,78,0,78,80,68,12
Financial & Corporate Services,Financial Services,ALL,114,129,114,14.667,16,82.667,12,18.077,81.462,13.143,14.214,84.857,11.875,12.625,87.375,114,19,17,78,114,11,10,93,113,14,21,78,113,11,11,91,113,18,12,83,113,15,25,73,108,8,16,84,113,4,11,98,112,13,12,87,113,10,10,93,112,19,25,68,112,15,19,78,112,8,12,92,113,9,14,90,113,14,16,83,113,12,17,84,109,17,9,83,112,17,14,81,111,7,7,97,112,11,12,89,113,11,16,86,112,15,15,82,112,20,15,77,112,15,18,79,114,7,4,103,113,9,10,94,103,7,24,72,112,14,24,74,114,17,18,79,112,7,21,84,113,9,14,90,113,21,24,68,113,20,28,65,114,27,87,20,1,18,2,2,4,10,7,4,2,1,6,6,114,13,101,3,2,0,2,0,3,1,0,1,1,0,2,1,1,1,5,1,3,6,4,3,1,2,3,114,28,86,45,,,28,,,105,23,30,52,108,27,35,46,108,0,108,113,43,70,114,8,106,112,5,107,114,93,21
Financial & Corporate Services,Financial Strategies and Budget,M,29,33,29,6.5,5,17.5,5.308,5.385,18,4.929,4.714,19.071,2.625,2.625,23.5,29,5,5,19,29,6,4,19,29,9,5,15,29,7,5,17,29,5,6,18,29,7,5,17,27,6,7,14,29,4,3,22,29,3,8,18,29,1,2,26,29,9,7,13,28,5,9,14,29,4,1,24,29,2,2,25,29,2,1,26,29,1,4,24,29,4,1,24,29,5,5,19,27,1,6,20,29,2,1,26,29,2,1,26,28,6,6,16,29,7,3,19,29,9,5,15,29,6,4,19,29,5,11,13,28,7,10,11,29,6,6,17,29,4,4,21,29,2,11,16,28,3,2,23,29,13,6,10,29,14,6,9,29,2,27,1,0,2,0,0,0,1,0,0,1,0,0,0,29,3,26,2,0,0,1,0,1,2,0,0,0,0,0,0,0,0,1,0,0,0,0,0,1,0,2,29,5,24,6,,,2,,,25,7,7,11,27,6,8,13,29,0,29,29,13,16,29,2,27,29,3,26,29,18,11
Financial & Corporate Services,Financial Strategies and Budget,F,43,47,43,11.667,12,18.5,11.615,8.231,22.769,11.429,8.286,22.929,8.375,4.375,30,43,19,10,14,42,5,8,29,42,12,12,18,42,11,13,18,42,11,16,15,42,12,13,17,42,8,10,24,42,7,7,28,42,11,8,23,42,4,4,34,42,17,14,11,42,7,12,23,43,8,5,30,43,9,1,33,43,10,4,29,43,9,3,31,42,12,5,25,43,10,7,26,42,5,5,32,43,4,5,34,43,4,5,34,43,15,9,19,43,19,9,15,43,20,9,14,43,13,4,26,43,13,12,18,43,14,12,17,43,14,12,17,43,12,10,21,42,8,16,18,43,6,8,29,43,20,10,13,43,24,9,10,43,4,39,3,0,4,0,1,1,4,1,1,1,0,0,0,43,3,40,3,2,0,1,0,1,1,0,0,0,0,0,0,0,0,0,1,1,2,1,1,1,0,0,42,7,35,10,,,1,,,39,9,15,15,39,11,12,16,42,0,42,43,23,20,43,3,40,43,2,41,43,31,12
Financial & Corporate Services,Financial Strategies and Budget,ALL,72,80,72,18.167,17,36,16.923,13.615,40.769,16.357,13,42,11,7,53.5,72,24,15,33,71,11,12,48,71,21,17,33,71,18,18,35,71,16,22,33,71,19,18,34,69,14,17,38,71,11,10,50,71,14,16,41,71,5,6,60,71,26,21,24,70,12,21,37,72,12,6,54,72,11,3,58,72,12,5,55,72,10,7,55,71,16,6,49,72,15,12,45,69,6,11,52,72,6,6,60,72,6,6,60,71,21,15,35,72,26,12,34,72,29,14,29,72,19,8,45,72,18,23,31,71,21,22,28,72,20,18,34,72,16,14,42,71,10,27,34,71,9,10,52,72,33,16,23,72,38,15,19,72,6,66,4,0,6,0,1,1,5,1,1,2,0,0,0,72,6,66,5,2,0,2,0,2,3,0,0,0,0,0,0,0,0,1,1,1,2,1,1,2,0,2,71,12,59,16,,,3,,,64,16,22,26,66,17,20,29,71,0,71,72,36,36,72,5,67,72,5,67,72,49,23
Citizen Services,Fire Rescue Services,F,74,86,74,6.5,13.5,53.333,6.692,11.769,54.308,7.143,11.071,54.929,8.25,7.625,56.75,74,9,10,55,74,3,11,60,74,10,18,46,74,3,13,58,74,8,8,58,70,6,21,43,73,1,7,65,74,1,10,63,71,3,15,53,74,3,10,61,70,7,18,45,74,7,18,49,73,5,6,62,74,7,5,62,72,9,11,52,71,6,10,55,71,15,9,47,72,11,7,54,74,5,7,62,74,8,6,60,74,9,8,57,74,8,10,56,73,4,14,55,74,3,14,57,74,8,12,54,74,13,14,47,73,9,15,49,74,6,9,59,74,7,8,59,74,3,10,61,73,6,9,58,73,11,14,48,73,15,19,39,74,13,61,6,2,6,3,0,4,5,2,1,0,0,1,2,74,8,66,2,0,0,1,0,0,4,0,0,0,1,0,0,0,0,1,0,2,3,2,1,1,1,2,74,24,50,32,17,15,17,,,65,16,19,30,70,25,17,28,71,1,70,74,10,64,74,4,70,74,8,66,73,69,4
Citizen Services,Fire Rescue Services,M,787,"1,164",787,32.667,68.167,676.667,40.538,76.769,659.154,35.786,52.714,687.286,33,45.25,698.875,787,39,27,721,780,17,39,724,776,49,114,613,777,14,39,724,781,22,26,733,764,55,164,545,771,28,86,657,780,15,35,730,777,40,106,631,781,43,42,696,758,61,149,548,778,40,64,674,780,25,30,725,780,36,47,697,777,43,49,685,778,19,40,719,763,51,44,668,780,37,56,687,781,12,24,745,778,41,72,665,771,38,85,648,781,15,15,751,770,44,56,670,767,38,72,657,781,29,20,732,781,49,49,683,774,40,60,674,780,18,39,723,780,37,55,688,780,33,83,664,781,17,38,726,775,74,142,559,779,88,99,592,785,70,715,54,2,30,6,9,37,20,17,10,0,9,3,9,776,27,749,9,2,3,9,8,5,5,1,0,2,1,1,0,3,2,2,1,13,5,4,5,1,6,1,784,82,702,133,39,94,46,,,747,104,167,476,762,106,129,527,711,3,708,779,46,733,784,30,754,778,27,751,785,736,49
Citizen Services,Fire Rescue Services,ALL,861,"1,250",861,39.167,81.667,730,47.231,88.538,713.462,42.929,63.786,742.214,41.25,52.875,755.625,861,48,37,776,854,20,50,784,850,59,132,659,851,17,52,782,855,30,34,791,834,61,185,588,844,29,93,722,854,16,45,793,848,43,121,684,855,46,52,757,828,68,167,593,852,47,82,723,853,30,36,787,854,43,52,759,849,52,60,737,849,25,50,774,834,66,53,715,852,48,63,741,855,17,31,807,852,49,78,725,845,47,93,705,855,23,25,807,843,48,70,725,841,41,86,714,855,37,32,786,855,62,63,730,847,49,75,723,854,24,48,782,854,44,63,747,854,36,93,725,854,23,47,784,848,85,156,607,852,103,118,631,859,83,776,60,4,36,9,9,41,25,19,11,0,9,4,11,850,35,815,11,2,3,10,8,5,9,1,0,2,2,1,0,3,2,3,1,15,8,6,6,2,7,3,858,106,752,165,56,109,63,25,38,812,120,186,506,832,131,146,555,782,4,778,853,56,797,858,34,824,852,35,817,858,805,53
City Operations,Fleet and Facility Services,F,141,167,141,20.333,19,100.5,23.462,20,95,21.929,19.786,96.143,25.25,18.875,94.5,141,20,27,94,139,15,13,111,139,24,14,101,140,16,13,111,140,21,19,100,140,26,28,86,139,20,12,107,140,6,16,118,139,15,15,109,140,15,10,115,135,19,33,83,139,27,20,92,141,17,17,107,138,26,14,98,139,28,25,86,139,24,25,90,136,38,12,86,139,33,22,84,140,10,14,116,137,26,22,89,134,20,28,86,139,33,17,89,136,28,29,79,136,26,31,79,140,21,9,110,137,18,20,99,139,31,16,92,136,18,28,90,138,18,16,104,138,13,20,105,137,19,16,102,136,24,28,84,137,33,22,82,140,46,94,32,10,28,8,6,21,21,8,16,7,7,2,3,137,33,104,4,1,0,3,3,8,22,0,1,1,2,5,2,4,1,7,6,20,14,9,11,5,6,4,138,55,83,72,45,27,47,12,35,134,44,36,54,136,48,28,60,133,0,133,140,39,101,137,16,121,138,15,123,133,107,26
City Operations,Fleet and Facility Services,M,718,965,718,134.833,136.667,438.5,143.615,132.077,434.538,140.643,129.714,438.786,136.375,107.375,467.75,718,119,120,479,705,101,109,495,707,165,156,386,712,96,116,500,713,124,130,459,705,204,189,312,709,113,126,470,712,56,79,577,707,159,140,408,714,112,59,543,688,178,204,306,709,139,143,427,716,104,96,516,712,123,88,501,711,141,118,452,712,138,134,440,705,208,101,396,712,168,143,401,714,69,70,575,710,140,109,461,711,111,142,458,711,167,120,424,700,182,149,369,701,182,181,338,717,172,101,444,711,153,133,425,712,126,158,428,712,114,181,417,714,110,153,451,712,63,165,484,715,78,102,535,711,229,147,335,709,208,144,357,715,206,509,152,9,113,36,26,85,80,52,30,28,12,21,23,713,135,578,50,29,16,34,19,36,24,2,3,9,10,22,17,6,7,33,10,60,50,44,26,24,8,14,711,247,464,348,145,203,153,55,98,691,217,191,283,695,212,157,326,674,5,669,711,155,556,712,80,632,703,18,685,708,491,217
City Operations,Fleet and Facility Services,ALL,859,"1,132",859,155.167,155.667,539,167.077,152.077,529.538,162.571,149.5,534.929,161.625,126.25,562.25,859,139,147,573,844,116,122,606,846,189,170,487,852,112,129,611,853,145,149,559,845,230,217,398,848,133,138,577,852,62,95,695,846,174,155,517,854,127,69,658,823,197,237,389,848,166,163,519,857,121,113,623,850,149,102,599,850,169,143,538,851,162,159,530,841,246,113,482,851,201,165,485,854,79,84,691,847,166,131,550,845,131,170,544,850,200,137,513,836,210,178,448,837,208,212,417,857,193,110,554,848,171,153,524,851,157,174,520,848,132,209,507,852,128,169,555,850,76,185,589,852,97,118,637,847,253,175,419,846,241,166,439,855,252,603,184,19,141,44,32,106,101,60,46,35,19,23,26,850,168,682,54,30,16,37,22,44,46,2,4,10,12,27,19,10,8,40,16,80,64,53,37,29,14,18,849,302,547,420,190,230,200,67,133,825,261,227,337,831,260,185,386,807,5,802,851,194,657,849,96,753,841,33,808,841,598,243
Integrated Infrastructure Services,Infrastructure Delivery,F,21,25,21,8.167,4.667,8.167,6.308,2.692,11.615,6.786,2.643,11.429,4.75,1.625,14.25,21,8,5,8,21,7,4,10,21,8,4,9,21,9,4,8,21,8,4,9,21,9,7,5,20,5,3,12,21,4,3,14,21,5,2,14,21,7,3,11,21,9,7,5,21,9,5,7,21,6,1,14,21,6,1,14,21,6,1,14,21,5,3,13,20,2,0,18,21,6,3,12,21,2,2,17,19,5,2,12,20,5,2,13,21,12,1,8,20,11,3,6,21,8,4,9,21,6,0,15,21,9,2,10,19,4,5,10,21,7,2,12,21,9,2,10,21,6,5,10,21,4,3,14,21,9,0,12,21,6,2,13,21,,,7,3,7,2,0,6,5,3,2,1,3,0,2,21,,,0,0,0,0,0,2,6,0,0,1,1,0,0,0,1,0,0,2,2,2,2,2,1,1,21,,,16,,,11,,,21,,,,21,,,,18,,,21,,,21,,,21,,,21,,
Integrated Infrastructure Services,Infrastructure Delivery,M,57,61,57,15.167,6.833,35,10.077,7.462,39.462,9.929,7.929,39.143,5.125,5.75,46.125,57,17,7,33,57,15,3,39,57,15,10,32,57,15,8,34,57,12,7,38,57,17,6,34,57,9,7,41,57,3,7,47,57,10,3,44,57,6,5,46,57,18,7,32,57,16,10,31,57,3,7,47,57,4,4,49,57,7,7,43,57,7,6,44,57,5,3,49,57,5,7,45,57,3,7,47,57,7,5,45,57,9,9,39,57,13,6,38,57,21,6,30,57,18,9,30,57,11,10,36,57,9,8,40,57,11,10,36,57,11,12,34,57,11,14,32,57,10,11,36,57,2,6,49,57,18,13,26,57,15,12,30,57,,,8,0,6,2,1,1,3,5,0,2,4,2,2,57,,,2,2,3,1,2,2,3,0,0,0,0,0,0,1,0,1,0,1,2,1,0,1,1,3,57,,,20,,,9,,,53,,,,56,,,,55,,,56,,,56,,,56,,,57,,
Integrated Infrastructure Services,Infrastructure Delivery,ALL,78,86,78,23.333,11.5,43.167,16.385,10.154,51.077,16.714,10.571,50.571,9.875,7.375,60.375,78,25,12,41,78,22,7,49,78,23,14,41,78,24,12,42,78,20,11,47,78,26,13,39,77,14,10,53,78,7,10,61,78,15,5,58,78,13,8,57,78,27,14,37,78,25,15,38,78,9,8,61,78,10,5,63,78,13,8,57,78,12,9,57,77,7,3,67,78,11,10,57,78,5,9,64,76,12,7,57,77,14,11,52,78,25,7,46,77,32,9,36,78,26,13,39,78,17,10,51,78,18,10,50,76,15,15,46,78,18,14,46,78,20,16,42,78,16,16,46,78,6,9,63,78,27,13,38,78,21,14,43,78,27,51,15,3,13,4,1,7,8,8,2,3,7,2,4,78,12,66,2,2,3,1,2,4,9,0,0,1,1,0,0,1,1,1,0,3,4,3,2,3,2,4,78,28,50,36,,,20,,,74,26,23,25,77,31,14,32,73,0,73,77,16,61,77,2,75,77,3,74,78,51,27
Integrated Infrastructure Services,Infrastructure Planning & Design,F,55,56,55,8.5,10.833,35.167,7.154,8.615,38.462,7.714,9.143,37,5.75,5,43.125,55,9,10,36,54,7,9,38,55,10,10,35,54,9,15,30,55,6,12,37,54,10,9,35,55,9,11,35,55,3,7,45,55,4,6,45,55,3,5,47,53,10,23,20,52,8,16,28,55,5,6,44,55,6,4,45,55,6,6,43,53,5,6,42,53,9,1,43,54,7,6,41,52,2,6,44,54,6,5,43,54,5,5,44,55,8,13,34,53,7,13,33,53,7,12,34,55,7,7,41,55,12,11,32,53,8,8,37,55,9,10,36,54,17,7,30,53,7,16,30,55,5,5,45,53,14,12,27,55,7,9,39,54,11,43,9,1,4,1,1,3,2,0,1,3,1,1,1,53,5,48,2,2,0,1,0,0,1,0,0,0,0,0,0,0,0,1,1,1,0,0,1,0,0,2,55,14,41,17,,,11,,,51,18,17,16,53,14,18,21,53,0,53,54,12,42,55,6,49,53,1,52,55,44,11
Integrated Infrastructure Services,Infrastructure Planning & Design,M,86,88,86,15.833,17.333,52.5,10.538,15.077,58.538,13.643,12.286,58.857,6.25,9.25,69.375,86,18,18,50,86,14,18,54,85,20,25,40,86,14,15,57,86,13,15,58,85,16,13,56,81,8,25,48,86,5,7,74,84,7,18,59,86,7,2,77,85,25,19,41,83,22,14,47,85,4,5,76,85,5,7,73,85,7,11,67,84,7,10,67,83,15,3,65,86,8,15,63,86,1,11,74,85,3,12,70,86,3,17,66,83,14,15,54,84,17,16,51,84,16,18,50,84,16,7,61,85,23,14,48,83,14,27,42,86,15,19,52,84,17,19,48,83,12,19,52,86,5,10,71,85,25,15,45,85,14,17,54,86,13,73,10,0,2,2,0,5,1,2,0,1,4,1,2,86,3,83,1,0,0,0,0,2,0,1,1,0,0,0,0,0,0,2,0,1,0,1,1,0,1,1,86,12,74,28,,,14,,,76,13,30,33,83,17,22,44,86,1,85,86,26,60,86,2,84,85,2,83,86,55,31
Integrated Infrastructure Services,Infrastructure Planning & Design,ALL,141,144,141,24.333,28.167,87.667,17.692,23.692,97,21.357,21.429,95.857,12,14.25,112.5,141,27,28,86,140,21,27,92,140,30,35,75,140,23,30,87,141,19,27,95,139,26,22,91,136,17,36,83,141,8,14,119,139,11,24,104,141,10,7,124,138,35,42,61,135,30,30,75,140,9,11,120,140,11,11,118,140,13,17,110,137,12,16,109,136,24,4,108,140,15,21,104,138,3,17,118,139,9,17,113,140,8,22,110,138,22,28,88,137,24,29,84,137,23,30,84,139,23,14,102,140,35,25,80,136,22,35,79,141,24,29,88,138,34,26,78,136,19,35,82,141,10,15,116,138,39,27,72,140,21,26,93,140,24,116,19,1,6,3,1,8,3,2,1,4,5,2,3,139,8,131,3,2,0,1,0,2,1,1,1,0,0,0,0,0,0,3,1,2,0,1,2,0,1,3,141,26,115,45,,,25,,,127,31,47,49,136,31,40,65,139,1,138,140,38,102,141,8,133,138,3,135,141,99,42
Financial & Corporate Services,Law,M,30,33,30,4.833,5.5,19.5,3.769,5.385,20.692,3.429,5.214,20.571,2.25,4,23.625,30,5,6,19,29,3,5,21,30,7,6,17,30,3,7,20,30,5,3,22,30,6,6,18,30,3,6,21,30,2,3,25,30,1,6,23,30,3,3,24,28,4,7,17,28,6,6,16,30,2,5,23,30,2,4,24,30,4,3,23,30,2,4,24,29,2,2,25,30,4,5,21,30,0,4,26,30,2,5,23,30,1,9,20,30,6,3,21,28,2,7,19,29,3,4,22,30,7,4,19,29,3,5,21,29,6,4,19,29,4,8,17,29,6,8,15,29,4,10,15,30,2,5,23,30,7,10,13,30,4,6,20,30,5,25,4,0,4,0,0,1,2,1,2,0,1,2,1,30,1,29,0,0,0,0,0,0,1,0,0,0,0,0,0,0,0,0,0,1,0,0,0,0,0,0,30,6,24,7,,,2,,,27,8,7,12,30,6,7,17,28,0,28,29,5,24,29,3,26,27,1,26,30,29,1
Financial & Corporate Services,Law,F,68,73,68,10.833,11.833,44.167,10.077,10.923,45.462,9.286,11.714,45.786,8.625,9.75,48.25,68,15,13,40,67,8,9,50,67,11,12,44,67,10,13,44,67,9,9,49,65,12,15,38,63,3,15,45,68,3,4,61,67,10,6,51,67,7,7,53,64,9,9,46,67,10,17,40,67,10,6,51,67,9,4,54,67,12,14,41,67,7,11,49,65,8,7,50,67,12,13,42,66,3,13,50,67,8,10,49,67,6,13,48,68,16,5,47,67,12,12,43,68,11,12,45,68,12,11,45,68,10,14,44,64,10,22,32,66,10,12,44,68,11,20,37,67,6,14,47,67,5,11,51,66,17,11,38,68,18,11,39,68,18,50,13,1,9,1,1,10,6,2,1,1,6,1,2,68,3,65,0,0,0,0,0,1,1,0,0,0,0,1,1,0,0,1,0,1,0,0,1,2,2,0,68,17,51,22,,,10,,,65,19,18,28,65,16,14,35,66,2,64,68,15,53,68,2,66,67,3,64,68,61,7
Financial & Corporate Services,Law,ALL,98,106,98,15.667,17.333,63.667,13.846,16.308,66.154,12.714,16.929,66.357,10.875,13.75,71.875,98,20,19,59,96,11,14,71,97,18,18,61,97,13,20,64,97,14,12,71,95,18,21,56,93,6,21,66,98,5,7,86,97,11,12,74,97,10,10,77,92,13,16,63,95,16,23,56,97,12,11,74,97,11,8,78,97,16,17,64,97,9,15,73,94,10,9,75,97,16,18,63,96,3,17,76,97,10,15,72,97,7,22,68,98,22,8,68,95,14,19,62,97,14,16,67,98,19,15,64,97,13,19,65,93,16,26,51,95,14,20,61,97,17,28,52,96,10,24,62,97,7,16,74,96,24,21,51,98,22,17,59,98,23,75,17,1,13,1,1,11,8,3,3,1,7,3,3,98,4,94,0,0,0,0,0,1,2,0,0,0,0,1,1,0,0,1,0,2,0,0,1,2,2,0,98,23,75,29,,,12,,,92,27,25,40,95,22,21,52,94,2,92,97,20,77,97,5,92,94,4,90,98,90,8
Integrated Infrastructure Services,LRT Delivery,F,10,10,10,0.333,2.5,7.167,0.769,1.308,7.923,0.5,1.929,7.571,0.5,0.875,8.625,10,0,3,7,10,1,3,6,10,1,3,6,10,0,2,8,10,0,2,8,10,0,2,8,10,1,3,6,10,0,2,8,10,2,1,7,10,0,0,10,10,1,4,5,10,0,6,4,10,0,1,9,10,0,2,8,10,1,0,9,10,1,0,9,10,0,1,9,10,1,2,7,10,0,0,10,10,1,1,8,10,0,2,8,10,0,0,10,10,0,3,7,10,0,1,9,10,1,1,8,10,1,1,8,10,1,1,8,10,1,2,7,10,2,2,6,10,0,3,7,10,0,3,7,10,3,1,6,10,0,1,9,10,,,3,2,2,0,1,2,0,0,0,0,0,2,0,10,,,0,0,0,0,0,0,0,0,0,0,0,0,0,0,0,0,0,0,0,0,0,0,0,0,10,,,5,,,1,,,9,,,,10,,,,10,,,10,,,10,,,10,,,10,,
Integrated Infrastructure Services,LRT Delivery,M,16,16,16,1.167,2.333,12.5,0.462,1.538,13.769,0.857,1.643,13.214,0.5,1,14.25,16,1,3,12,16,2,3,11,16,1,3,12,16,2,2,12,16,1,2,13,16,0,1,15,16,1,3,12,15,0,0,15,16,0,2,14,16,1,2,13,16,1,4,11,16,1,3,12,16,1,0,15,16,0,1,15,16,1,1,14,16,0,1,15,16,0,1,15,15,1,1,13,15,0,1,14,16,1,2,13,15,0,2,13,15,0,1,14,16,2,3,11,15,0,2,13,16,2,0,14,16,1,2,13,16,1,4,11,16,1,2,13,16,1,1,14,16,1,1,14,15,0,1,14,16,1,2,13,15,0,1,14,16,,,3,0,0,1,0,0,0,1,1,0,3,0,1,16,,,0,0,0,0,0,0,0,0,0,0,0,0,0,0,0,0,0,0,0,0,0,0,0,0,16,,,4,,,4,,,14,,,,15,,,,16,,,16,,,16,,,16,,,16,,
Integrated Infrastructure Services,LRT Delivery,ALL,26,26,26,1.5,4.833,19.667,1.231,2.846,21.692,1.357,3.571,20.786,1,1.875,22.875,26,1,6,19,26,3,6,17,26,2,6,18,26,2,4,20,26,1,4,21,26,0,3,23,26,2,6,18,25,0,2,23,26,2,3,21,26,1,2,23,26,2,8,16,26,1,9,16,26,1,1,24,26,0,3,23,26,2,1,23,26,1,1,24,26,0,2,24,25,2,3,20,25,0,1,24,26,2,3,21,25,0,4,21,25,0,1,24,26,2,6,18,25,0,3,22,26,3,1,22,26,2,3,21,26,2,5,19,26,2,4,20,26,3,3,20,26,1,4,21,25,0,4,21,26,4,3,19,25,0,2,23,26,,,6,2,2,1,1,2,0,1,1,0,3,2,1,26,,,0,0,0,0,0,0,0,0,0,0,0,0,0,0,0,0,0,0,0,0,0,0,0,0,26,,,9,,,5,,,23,,,,25,,,,26,,,26,,,26,,,26,,,26,,
Communications and Engagement,Marketing,M,22,22,22,4.333,4.833,12.667,5.154,3.154,13.615,3.857,3.571,13.929,2.875,2.125,16.5,22,6,4,12,21,3,2,16,22,6,4,12,22,3,5,14,22,2,7,13,22,6,7,9,22,6,5,11,22,3,3,16,22,8,3,11,22,2,3,17,21,4,6,11,21,8,4,9,22,2,2,18,22,2,1,19,22,2,1,19,22,3,3,16,21,7,3,11,22,4,4,14,19,1,2,16,22,2,1,19,21,2,0,19,21,7,3,11,20,2,4,14,21,4,3,14,22,4,2,16,22,5,6,11,22,6,4,12,22,5,3,14,22,5,5,12,22,5,5,12,22,1,3,18,22,10,1,11,22,7,4,11,22,,,2,0,1,0,1,2,1,0,0,0,0,0,0,22,,,2,1,1,1,1,1,1,0,0,0,0,0,0,1,0,0,1,1,0,0,1,2,0,0,22,,,3,,,3,,,18,,,,20,,,,22,,,22,,,22,,,22,,,22,,
Communications and Engagement,Marketing,F,32,34,32,6.333,5,20.667,7.538,4.385,20.077,7.429,5.571,18.643,5.25,3.75,22.875,32,5,9,18,32,3,7,22,32,7,3,22,32,6,2,24,32,8,3,21,32,9,6,17,32,8,4,20,32,2,4,26,32,7,3,22,32,6,3,23,31,11,7,13,32,10,4,18,32,4,2,26,32,5,3,24,32,6,2,24,32,4,4,24,31,9,3,19,32,6,3,23,32,4,9,19,32,4,4,24,31,5,3,23,32,11,3,18,31,9,6,16,31,9,6,16,32,7,5,20,31,7,9,15,32,11,3,18,32,5,8,19,32,11,8,13,32,5,9,18,32,6,5,21,32,12,7,13,32,14,5,13,32,,,10,0,5,0,0,0,2,3,4,1,0,3,1,32,,,0,1,0,0,0,0,3,0,0,0,0,2,0,0,0,2,0,0,1,1,3,3,2,1,32,,,13,,,6,,,27,,,,29,,,,30,,,32,,,32,,,32,,,32,,
Communications and Engagement,Marketing,ALL,54,56,54,10.667,9.833,33.333,12.692,7.538,33.692,11.286,9.143,32.571,8.125,5.875,39.375,54,11,13,30,53,6,9,38,54,13,7,34,54,9,7,38,54,10,10,34,54,15,13,26,54,14,9,31,54,5,7,42,54,15,6,33,54,8,6,40,52,15,13,24,53,18,8,27,54,6,4,44,54,7,4,43,54,8,3,43,54,7,7,40,52,16,6,30,54,10,7,37,51,5,11,35,54,6,5,43,52,7,3,42,53,18,6,29,51,11,10,30,52,13,9,30,54,11,7,36,53,12,15,26,54,17,7,30,54,10,11,33,54,16,13,25,54,10,14,30,54,7,8,39,54,22,8,24,54,21,9,24,54,13,41,12,0,6,0,1,2,3,3,4,1,0,3,1,54,10,44,2,2,1,1,1,1,4,0,0,0,0,2,0,1,0,2,1,1,1,1,4,5,2,1,54,14,40,16,,,9,,,45,,,,49,,,,52,0,52,54,13,41,54,4,50,54,8,46,54,35,19
Office of the City Manager,Office of the City Clerk,M,17,20,17,4.667,1.5,10.667,2.769,1.077,12.462,3.5,1,12,2.25,0.75,13.5,17,5,1,11,17,5,0,12,17,6,1,10,17,5,1,11,17,4,4,9,16,3,2,11,17,2,2,13,16,1,1,14,16,2,1,13,16,5,0,11,16,5,0,11,16,5,1,10,17,2,1,14,17,2,1,14,17,3,1,13,17,2,0,15,15,2,0,13,16,4,0,12,17,1,2,14,16,2,1,13,16,1,1,14,16,3,1,12,16,4,0,12,17,5,0,12,17,4,2,11,17,4,1,12,16,3,2,11,17,4,3,10,17,4,2,11,16,2,2,12,17,0,2,15,16,6,0,10,16,5,0,11,17,,,3,1,2,0,0,2,1,0,1,1,1,0,1,16,,,0,0,0,0,0,1,0,0,0,0,0,0,0,0,0,1,0,0,1,0,0,0,0,0,17,,,7,,,1,,,15,,,,16,,,,16,,,17,,,17,,,17,,,17,,
Office of the City Manager,Office of the City Clerk,F,43,47,43,5.333,5.833,31.5,4.462,5.231,32.923,5.929,3.857,32.286,4.75,3.25,34.375,43,5,7,31,43,5,2,36,42,5,8,29,43,5,5,33,42,6,5,31,43,6,8,29,42,4,4,34,42,1,4,37,42,5,5,32,43,7,3,33,40,8,7,25,41,8,7,26,43,5,2,36,43,4,3,36,43,6,3,34,43,5,4,34,40,6,3,31,42,5,4,33,42,3,2,37,43,4,5,34,43,5,3,35,43,6,2,35,42,7,7,28,42,4,3,35,43,4,1,38,43,5,3,35,43,3,9,31,43,6,4,33,42,6,6,30,42,3,5,34,43,9,2,32,43,7,13,23,42,4,3,35,43,,,9,0,6,0,1,3,5,0,2,0,2,0,2,43,,,0,0,0,0,0,3,4,0,1,0,0,0,1,0,0,1,1,1,3,0,1,2,0,2,43,,,17,,,9,,,41,,,,41,,,,41,,,43,,,43,,,43,,,43,,
Office of the City Manager,Office of the City Clerk,ALL,60,67,60,10,7.333,42.167,7.231,6.308,45.385,9.429,4.857,44.286,7,4,47.875,60,10,8,42,60,10,2,48,59,11,9,39,60,10,6,44,59,10,9,40,59,9,10,40,59,6,6,47,58,2,5,51,58,7,6,45,59,12,3,44,56,13,7,36,57,13,8,36,60,7,3,50,60,6,4,50,60,9,4,47,60,7,4,49,55,8,3,44,58,9,4,45,59,4,4,51,59,6,6,47,59,6,4,49,59,9,3,47,58,11,7,40,59,9,3,47,60,8,3,49,60,9,4,47,59,6,11,42,60,10,7,43,59,10,8,41,58,5,7,46,60,9,4,47,59,13,13,33,58,9,3,46,60,17,43,12,1,8,0,1,5,6,0,3,1,3,0,3,59,7,52,0,0,0,0,0,4,4,0,1,0,0,0,1,0,0,2,1,1,4,0,1,2,0,2,60,15,45,24,,,10,,,56,18,18,20,57,15,16,26,57,2,55,60,12,48,60,7,53,60,9,51,60,50,10
Financial & Corporate Services,Open City and Technology,F,89,102,89,13.833,19.167,55.833,12.846,14.923,60.846,10.5,16.643,61.286,7.25,8.625,73.125,89,19,20,50,89,7,18,64,89,15,23,51,88,14,15,59,89,9,22,58,89,19,17,53,88,14,14,60,89,5,15,69,89,10,16,63,89,10,14,65,89,14,28,47,89,15,25,49,89,6,7,76,89,6,9,74,89,11,8,70,89,9,11,69,89,7,2,80,89,11,14,64,89,1,8,80,89,7,10,72,89,6,9,74,88,19,20,49,85,13,26,46,87,20,23,44,89,8,10,71,89,10,27,52,89,18,18,53,88,11,20,57,88,11,16,61,89,12,18,59,89,10,13,66,88,18,22,48,87,19,16,52,88,16,72,8,1,10,3,0,2,4,3,4,1,0,2,5,85,12,73,3,1,0,3,1,2,8,0,0,0,0,1,1,0,0,0,0,3,4,6,2,1,0,0,87,24,63,32,12,20,13,,,83,26,32,25,85,29,29,27,88,0,88,89,29,60,89,4,85,89,5,84,88,60,28
Financial & Corporate Services,Open City and Technology,M,224,251,224,29.333,43.5,150,29.077,34.615,157.538,28.286,38.929,153.786,19.25,20.625,181.75,224,32,54,138,223,20,39,164,223,32,52,139,223,26,34,163,224,28,37,159,220,38,45,137,222,29,33,160,222,8,23,191,220,37,37,146,223,23,31,169,219,39,50,130,221,38,52,131,222,26,14,182,223,17,14,192,222,29,26,167,223,19,24,180,219,15,7,197,222,21,34,167,220,5,29,186,222,22,17,183,221,17,21,183,223,44,53,126,219,42,62,115,220,45,52,123,223,27,31,165,220,44,55,121,221,32,42,147,222,23,54,145,221,32,46,143,219,22,43,154,223,16,28,179,220,35,49,136,219,46,44,129,223,42,181,30,0,26,4,1,12,12,15,6,6,1,10,6,222,16,206,6,3,1,6,0,4,3,0,0,2,2,0,1,1,0,0,1,7,4,4,3,5,0,2,223,47,176,73,34,39,34,,,199,43,57,99,213,59,57,97,219,1,218,221,91,130,223,12,211,218,8,210,223,143,80
Financial & Corporate Services,Open City and Technology,ALL,313,353,313,43.167,62.667,205.833,41.923,49.538,218.385,38.786,55.571,215.071,26.5,29.25,254.875,313,51,74,188,312,27,57,228,312,47,75,190,311,40,49,222,313,37,59,217,309,57,62,190,310,43,47,220,311,13,38,260,309,47,53,209,312,33,45,234,308,53,78,177,310,53,77,180,311,32,21,258,312,23,23,266,311,40,34,237,312,28,35,249,308,22,9,277,311,32,48,231,309,6,37,266,311,29,27,255,310,23,30,257,311,63,73,175,304,55,88,161,307,65,75,167,312,35,41,236,309,54,82,173,310,50,60,200,310,34,74,202,309,43,62,204,308,34,61,213,312,26,41,245,308,53,71,184,306,65,60,181,311,58,253,38,1,36,7,1,14,16,18,10,7,1,12,11,307,28,279,9,4,1,9,1,6,11,0,0,2,2,1,2,1,0,0,1,10,8,10,5,6,0,2,310,71,239,105,46,59,47,,,282,69,89,124,298,88,86,124,307,1,306,310,120,190,312,16,296,307,13,294,311,203,108
Employee Services,Organizational Development,ALL,28,29,28,4.333,5.833,17.667,3.692,4.615,19.615,4.071,3,20.714,2.125,2.125,23.75,28,4,6,18,28,5,5,18,28,6,10,12,28,6,6,16,27,1,4,22,28,4,4,20,27,5,7,15,28,3,3,22,28,5,5,18,28,5,1,22,28,13,4,11,28,6,6,16,28,2,1,25,28,1,3,24,28,2,3,23,28,1,3,24,28,6,0,22,28,3,2,23,28,1,2,25,28,1,3,24,28,2,3,23,28,2,6,20,26,3,5,18,27,2,3,22,28,4,7,17,28,4,4,20,28,2,5,21,28,3,2,23,28,4,3,21,28,2,7,19,28,1,2,25,28,13,5,10,28,7,6,15,28,,,5,0,6,0,0,2,2,1,1,2,0,1,2,28,,,1,0,1,1,1,3,2,0,0,1,1,0,0,1,0,0,0,2,1,1,1,2,0,1,27,,,14,,,8,,,27,,,,28,,,,25,,,28,,,28,,,28,,,28,,
City Operations,Parks and Roads Services,F,217,371,217,40.833,47.333,128.333,44.231,36.769,132.923,42.857,39.286,129.857,39.25,26.25,149.25,217,46,42,129,217,26,43,148,217,53,59,105,215,34,33,148,217,38,42,137,216,48,65,103,213,27,30,156,214,16,18,180,215,42,34,139,214,28,21,165,205,55,64,86,212,64,56,92,215,31,19,165,217,36,22,159,217,46,25,146,217,35,24,158,206,68,30,108,215,51,35,129,216,17,21,178,215,30,34,151,213,35,26,152,214,61,32,121,208,48,55,105,207,43,62,102,215,42,29,144,214,41,39,134,210,53,46,111,215,31,46,138,213,50,47,116,210,18,54,138,213,31,26,156,211,84,45,82,212,79,49,84,217,69,148,52,15,34,9,6,29,24,10,17,7,18,6,6,213,37,176,3,2,0,0,2,13,21,0,1,4,2,2,4,4,2,5,1,17,9,7,10,3,4,5,214,74,140,102,61,41,61,18,43,202,67,60,75,209,75,39,95,198,6,192,217,23,194,216,25,191,214,29,185,215,155,60
City Operations,Parks and Roads Services,M,686,"1,404",686,159.833,137.667,381.333,150.846,127.846,395.615,152.857,129.786,387.5,125.25,94.5,452.875,686,154,138,394,679,118,143,418,678,182,165,331,676,120,111,445,681,146,108,427,673,239,161,273,670,93,124,453,680,41,93,546,669,177,134,358,682,98,82,502,647,251,187,209,664,206,176,282,676,88,71,517,677,108,94,475,675,144,92,439,676,105,104,467,655,213,112,330,671,161,127,383,675,66,71,538,676,117,85,474,667,102,126,439,677,160,129,388,665,203,162,300,663,208,171,284,684,140,99,445,676,124,117,435,669,132,166,371,675,138,170,367,674,152,183,339,674,85,164,425,675,92,89,494,675,301,157,217,675,259,159,257,684,167,517,123,10,94,16,26,79,48,44,25,15,44,14,19,671,92,579,27,18,7,15,11,36,16,4,3,8,5,17,13,6,8,11,15,42,31,37,19,11,14,17,679,188,491,311,123,188,128,40,88,636,196,172,268,657,209,139,309,641,15,626,678,112,566,682,85,597,673,36,637,672,448,224
City Operations,Parks and Roads Services,ALL,903,"1,775",903,200.667,185,509.667,195.077,164.615,528.538,195.714,169.071,517.357,164.5,120.75,602.125,903,200,180,523,896,144,186,566,895,235,224,436,891,154,144,593,898,184,150,564,889,287,226,376,883,120,154,609,894,57,111,726,884,219,168,497,896,126,103,667,852,306,251,295,876,270,232,374,891,119,90,682,894,144,116,634,892,190,117,585,893,140,128,625,861,281,142,438,886,212,162,512,891,83,92,716,891,147,119,625,880,137,152,591,891,221,161,509,873,251,217,405,870,251,233,386,899,182,128,589,890,165,156,569,879,185,212,482,890,169,216,505,887,202,230,455,884,103,218,563,888,123,115,650,886,385,202,299,887,338,208,341,901,236,665,175,25,128,25,32,108,72,54,42,22,62,20,25,884,129,755,30,20,7,15,13,49,37,4,4,12,7,19,17,10,10,16,16,59,40,44,29,14,18,22,893,262,631,413,184,229,189,58,131,838,263,232,343,866,284,178,404,839,21,818,895,135,760,898,110,788,887,65,822,887,603,284
Financial & Corporate Services,Real Estate,M,34,43,34,3.5,8.167,21.167,2.692,6.231,24.154,2.643,6.071,24.643,0.75,3,30,34,4,8,22,34,4,9,21,33,3,12,18,33,3,9,21,32,4,3,25,31,3,8,20,34,5,9,20,34,1,6,27,34,4,6,24,34,0,7,27,31,5,8,18,34,5,7,22,34,0,3,31,34,0,3,31,34,0,2,32,34,0,4,30,32,3,1,28,34,2,5,27,34,0,3,31,34,1,3,30,34,0,3,31,34,4,10,20,32,2,8,22,33,4,7,22,34,2,6,26,34,2,6,26,31,1,12,18,34,3,12,19,33,5,5,23,33,5,8,20,34,4,7,23,31,8,3,20,32,3,7,22,34,7,27,5,0,2,0,1,0,0,0,5,0,0,1,2,33,2,31,0,0,0,0,0,2,0,0,0,0,0,0,0,0,0,0,1,0,0,0,1,0,0,1,34,12,22,14,,,11,,,29,4,14,11,30,6,5,19,34,0,34,33,6,27,34,4,30,33,3,30,34,27,7
Financial & Corporate Services,Real Estate,F,41,46,41,7.5,11.5,21.833,7.692,8.462,24.385,6.857,8,25.857,4,4.875,31.875,41,9,12,20,41,4,12,25,41,8,14,19,41,7,10,24,41,7,8,26,40,10,13,17,40,9,6,25,41,3,8,30,40,5,9,26,41,5,6,30,41,15,11,15,41,12,13,16,41,3,7,31,41,3,6,32,41,7,3,31,41,3,5,33,39,3,2,34,41,7,7,27,41,1,5,35,41,5,4,32,41,5,4,32,41,10,15,16,40,7,13,20,40,8,11,21,41,4,8,29,41,8,9,24,38,13,9,16,41,8,7,26,41,9,6,26,41,7,10,24,41,6,7,28,41,12,13,16,41,13,9,19,41,14,27,12,1,6,2,2,7,2,4,3,0,1,2,1,41,9,32,0,0,0,0,0,4,3,0,0,0,0,0,0,0,0,2,0,5,0,2,2,0,1,1,40,19,21,24,,,10,,,39,14,16,9,41,17,11,13,40,0,40,41,9,32,41,4,37,40,1,39,41,33,8
Financial & Corporate Services,Real Estate,ALL,75,89,75,11,19.667,43,10.385,14.692,48.538,9.5,14.071,50.5,4.75,7.875,61.875,75,13,20,42,75,8,21,46,74,11,26,37,74,10,19,45,73,11,11,51,71,13,21,37,74,14,15,45,75,4,14,57,74,9,15,50,75,5,13,57,72,20,19,33,75,17,20,38,75,3,10,62,75,3,9,63,75,7,5,63,75,3,9,63,71,6,3,62,75,9,12,54,75,1,8,66,75,6,7,62,75,5,7,63,75,14,25,36,72,9,21,42,73,12,18,43,75,6,14,55,75,10,15,50,69,14,21,34,75,11,19,45,74,14,11,49,74,12,18,44,75,10,14,51,72,20,16,36,73,16,16,41,75,21,54,17,1,8,2,3,7,2,4,8,0,1,3,3,74,11,63,0,0,0,0,0,6,3,0,0,0,0,0,0,0,0,2,1,5,0,2,3,0,1,2,74,31,43,38,,,21,,,68,18,30,20,71,23,16,32,74,0,74,74,15,59,75,8,67,73,4,69,75,60,15
Citizen Services,Social Development,M,26,28,26,2.5,2,21.5,1.615,3.077,21.231,2.071,2.857,20.857,1.125,1.375,23.5,26,2,4,20,26,1,1,24,26,4,2,20,26,3,1,22,26,2,1,23,26,3,3,20,26,4,4,18,26,1,1,24,25,1,3,21,25,2,4,19,25,2,5,18,26,5,6,15,26,0,0,26,26,0,0,26,26,2,2,22,26,1,1,24,26,5,3,18,26,0,3,23,26,1,0,25,26,0,2,24,26,0,2,24,26,3,3,20,26,1,6,19,26,1,2,23,26,5,2,19,25,4,3,18,26,2,4,20,26,1,1,24,26,1,3,22,26,0,5,21,26,1,2,23,26,3,6,17,26,1,6,19,26,3,23,3,0,2,0,1,1,0,0,2,1,2,0,1,25,3,22,1,0,1,1,0,0,2,0,0,1,1,0,0,0,0,0,1,2,0,0,2,1,1,0,25,4,21,5,,,2,,,24,,,,26,6,5,15,25,0,25,26,8,18,26,2,24,26,3,23,26,22,4
Citizen Services,Social Development,F,104,116,104,6.167,12.167,84.667,9.231,12.462,81.308,8.5,11.286,83.071,7,7.75,88.625,104,10,13,81,103,2,12,89,103,7,14,82,102,3,7,92,103,6,15,82,103,9,12,82,102,7,17,78,104,3,7,94,103,6,12,85,104,7,10,87,101,11,17,73,100,12,19,69,103,5,6,92,103,4,5,94,104,9,8,87,103,8,10,85,103,13,10,80,103,11,10,82,104,1,4,99,104,5,9,90,103,4,9,90,104,14,17,73,103,5,21,77,103,8,12,83,104,10,7,87,104,15,12,77,99,13,19,67,102,5,7,90,103,10,13,80,103,10,16,77,103,6,10,87,104,18,20,66,103,14,10,79,104,21,83,17,2,8,4,0,9,5,1,1,0,2,5,2,104,15,89,5,0,0,0,1,4,4,0,0,0,0,1,0,1,0,1,1,2,2,0,3,3,3,1,103,25,78,35,,,17,,,97,,,,100,24,20,56,100,2,98,104,24,80,104,6,98,102,10,92,104,82,22
Citizen Services,Social Development,ALL,130,144,130,8.667,14.167,106.167,10.846,15.538,102.538,10.571,14.143,103.929,8.125,9.125,112.125,130,12,17,101,129,3,13,113,129,11,16,102,128,6,8,114,129,8,16,105,129,12,15,102,128,11,21,96,130,4,8,118,128,7,15,106,129,9,14,106,126,13,22,91,126,17,25,84,129,5,6,118,129,4,5,120,130,11,10,109,129,9,11,109,129,18,13,98,129,11,13,105,130,2,4,124,130,5,11,114,129,4,11,114,130,17,20,93,129,6,27,96,129,9,14,106,130,15,9,106,129,19,15,95,125,15,23,87,128,6,8,114,129,11,16,102,129,10,21,98,129,7,12,110,130,21,26,83,129,15,16,98,130,24,106,20,2,10,4,1,10,5,1,3,1,4,5,3,129,18,111,6,0,1,1,1,4,6,0,0,1,1,1,0,1,0,1,2,4,2,0,5,4,4,1,128,29,99,40,,,19,,,121,33,38,50,126,30,25,71,125,2,123,130,32,98,130,8,122,128,13,115,130,104,26
Citizen Services,Strategic Development,M,17,17,17,2.333,2.833,11.833,3.538,2,11.462,2.5,2.357,12.143,1.5,0.25,15.25,17,2,3,12,17,0,4,13,17,5,3,9,17,2,2,13,17,2,2,13,17,3,3,11,17,5,3,9,17,1,1,15,17,4,1,12,17,4,1,12,17,7,1,9,17,3,6,8,17,0,1,16,17,1,0,16,17,2,0,15,17,1,0,16,17,2,0,15,17,3,0,14,17,1,1,15,17,2,0,15,17,1,1,15,17,6,2,9,17,3,4,10,17,1,4,12,17,3,4,10,17,3,2,12,17,3,3,11,17,2,5,10,17,3,3,11,17,5,7,5,17,0,1,16,17,8,4,5,17,5,2,10,17,,,3,0,3,0,0,0,2,1,0,0,0,0,1,17,,,0,0,0,0,0,0,1,0,0,0,0,0,1,0,0,0,0,0,0,0,0,1,0,1,17,,,5,,,2,,,15,,,,16,,,,17,,,17,,,17,,,17,,,17,,
Citizen Services,Strategic Development,F,22,22,22,3.667,3,15.167,3.769,3.615,14.462,2.714,2.929,16,2,1,18.75,22,2,3,17,22,2,3,17,22,5,3,14,22,4,2,16,22,5,3,14,21,4,4,13,22,3,5,14,22,2,5,15,22,6,3,13,22,2,1,19,22,7,7,8,22,3,7,12,22,2,1,19,22,2,0,20,22,2,2,18,22,1,3,18,21,2,1,18,21,3,1,17,22,2,0,20,22,2,0,20,22,2,0,20,21,6,5,10,21,0,6,15,21,0,7,14,22,2,1,19,22,4,4,14,22,3,7,12,22,3,2,17,21,5,3,13,22,2,6,14,22,3,0,19,22,9,2,11,22,7,5,10,22,,,5,1,5,1,0,1,4,0,3,2,1,1,1,22,,,1,3,0,1,2,0,3,0,0,0,0,2,3,0,1,1,0,0,6,1,1,1,0,0,22,,,16,,,9,,,22,,,,21,,,,22,,,22,,,22,,,22,,,22,,
Citizen Services,Strategic Development,ALL,39,39,39,6,5.833,27,7.308,5.615,25.923,5.214,5.286,28.143,3.5,1.25,34,39,4,6,29,39,2,7,30,39,10,6,23,39,6,4,29,39,7,5,27,38,7,7,24,39,8,8,23,39,3,6,30,39,10,4,25,39,6,2,31,39,14,8,17,39,6,13,20,39,2,2,35,39,3,0,36,39,4,2,33,39,2,3,34,38,4,1,33,38,6,1,31,39,3,1,35,39,4,0,35,39,3,1,35,38,12,7,19,38,3,10,25,38,1,11,26,39,5,5,29,39,7,6,26,39,6,10,23,39,5,7,27,38,8,6,24,39,7,13,19,39,3,1,35,39,17,6,16,39,12,7,20,39,,,8,1,8,1,0,1,6,1,3,2,1,1,2,39,,,1,3,0,1,2,0,4,0,0,0,0,2,4,0,1,1,0,0,6,1,1,2,0,1,39,,,21,,,11,,,37,,,,37,,,,39,,,39,,,39,,,39,,,39,,
Employee Services,Talent Management and Support Services,M,25,32,25,2.5,2.667,19.667,2.769,3.231,18.615,2.857,3.857,17.643,1.875,2.75,19.125,25,3,1,21,25,1,2,22,25,3,3,19,25,1,3,21,24,2,2,20,25,5,5,15,25,3,2,20,25,0,1,24,25,2,2,21,25,3,2,20,25,5,3,17,24,6,7,11,24,1,1,22,24,3,2,19,24,4,2,18,24,1,2,21,22,1,3,18,24,2,3,19,24,1,6,17,24,2,3,19,24,2,3,19,24,4,4,16,24,2,7,15,24,2,4,18,25,4,2,19,25,6,5,14,25,3,4,18,25,3,3,19,25,1,6,18,25,1,3,21,25,3,2,20,25,6,5,14,25,2,7,16,25,3,22,2,0,2,1,1,3,2,1,2,1,1,0,0,25,4,21,2,1,0,2,1,1,2,0,0,0,1,0,0,1,0,0,2,3,1,1,2,0,0,0,25,5,20,6,,,2,,,25,4,7,14,24,,,,24,,,25,10,15,25,2,23,24,,,25,15,10
Employee Services,Talent Management and Support Services,F,95,113,95,11.667,13.333,70,11.769,14.769,66.462,10.786,15.643,66.286,12.375,13,66.375,95,12,16,67,95,6,9,80,95,15,11,69,95,8,11,76,95,13,13,69,95,16,20,59,95,6,13,76,95,6,7,82,95,13,14,68,94,8,7,79,95,10,22,63,95,16,24,55,93,9,8,76,93,13,15,65,93,14,15,64,94,13,12,69,88,22,9,57,92,12,17,63,92,4,15,73,89,12,13,64,86,12,18,56,91,11,21,59,91,10,20,61,90,8,19,63,94,10,11,73,93,16,13,64,89,10,14,65,92,8,17,67,95,11,23,61,95,7,14,74,94,7,14,73,93,15,17,61,92,17,17,58,95,22,73,15,1,10,6,1,7,6,3,5,6,1,2,4,94,9,85,3,3,2,1,2,1,1,0,0,1,1,0,0,0,0,2,2,5,4,3,2,1,0,0,95,17,78,30,,,11,,,91,21,19,51,93,,,,95,,,95,31,64,95,6,89,94,,,95,69,26
Employee Services,Talent Management and Support Services,ALL,120,145,120,14.167,16,89.667,14.538,18,85.077,13.643,19.5,83.929,14.25,15.75,85.5,120,15,17,88,120,7,11,102,120,18,14,88,120,9,14,97,119,15,15,89,120,21,25,74,120,9,15,96,120,6,8,106,120,15,16,89,119,11,9,99,120,15,25,80,119,22,31,66,117,10,9,98,117,16,17,84,117,18,17,82,118,14,14,90,110,23,12,75,116,14,20,82,116,5,21,90,113,14,16,83,110,14,21,75,115,15,25,75,115,12,27,76,114,10,23,81,119,14,13,92,118,22,18,78,114,13,18,83,117,11,20,86,120,12,29,79,120,8,17,95,119,10,16,93,118,21,22,75,117,19,24,74,120,25,95,17,1,12,7,2,10,8,4,7,7,2,2,4,119,13,106,5,4,2,3,3,2,3,0,0,1,2,0,0,1,0,2,4,8,5,4,4,1,0,0,120,22,98,36,,,13,,,116,25,26,65,117,27,23,67,119,2,117,120,41,79,120,8,112,118,5,113,120,84,36
City Operations,Waste Management Services,F,116,148,116,18,20,77.167,18.231,19.846,77.154,19.429,21.286,73.5,17.5,14.375,83.5,116,20,25,71,115,11,11,93,115,22,24,69,115,13,17,85,115,18,24,73,115,24,19,72,115,5,11,99,116,5,12,99,114,18,30,66,115,10,11,94,111,22,41,48,113,30,31,52,116,14,12,90,116,16,13,87,115,16,16,83,116,16,16,84,114,26,15,73,114,27,14,73,116,8,12,96,116,17,17,82,113,18,13,82,115,27,22,66,112,24,27,61,112,23,33,56,116,16,12,88,115,13,11,91,114,12,26,76,115,20,30,65,115,22,28,65,116,9,27,80,115,17,21,77,114,36,26,52,116,36,23,57,116,33,83,27,5,16,1,4,18,9,3,2,1,7,4,5,114,18,96,1,1,0,2,1,7,8,0,0,1,0,1,1,1,0,4,3,6,3,4,3,1,4,2,113,34,79,51,27,24,28,6,22,110,40,32,38,110,39,19,52,111,0,111,116,24,92,115,6,109,116,10,106,113,83,30
City Operations,Waste Management Services,M,297,436,297,41.833,53.167,200.333,40.462,49.846,203.538,40.214,50.929,202.143,34.625,41.25,218.125,297,44,49,204,296,27,46,223,294,49,63,182,295,33,48,214,295,35,54,206,295,63,59,173,293,25,31,237,296,21,33,242,287,66,68,153,293,22,30,241,281,57,82,142,286,59,66,161,294,25,26,243,293,30,34,229,292,49,55,188,295,28,48,219,290,57,43,190,296,44,60,192,297,12,20,265,295,32,44,219,293,35,63,195,295,46,47,202,294,47,66,181,295,43,71,181,296,51,40,205,296,32,34,230,292,22,48,222,296,39,73,184,297,52,63,182,296,24,68,204,295,23,39,233,296,65,70,161,295,55,43,197,293,56,237,38,2,32,14,5,21,15,15,6,6,12,6,4,288,33,255,9,2,3,2,3,8,2,2,2,2,3,4,2,1,1,6,1,10,8,8,6,4,7,5,289,59,230,117,42,75,46,20,26,277,65,54,158,286,61,49,176,279,7,272,289,56,233,291,20,271,290,10,280,285,203,82
City Operations,Waste Management Services,ALL,413,584,413,59.833,73.167,277.5,58.692,69.692,280.692,59.643,72.214,275.643,52.125,55.625,301.625,413,64,74,275,411,38,57,316,409,71,87,251,410,46,65,299,410,53,78,279,410,87,78,245,408,30,42,336,412,26,45,341,401,84,98,219,408,32,41,335,392,79,123,190,399,89,97,213,410,39,38,333,409,46,47,316,407,65,71,271,411,44,64,303,404,83,58,263,410,71,74,265,413,20,32,361,411,49,61,301,406,53,76,277,410,73,69,268,406,71,93,242,407,66,104,237,412,67,52,293,411,45,45,321,406,34,74,298,411,59,103,249,412,74,91,247,412,33,95,284,410,40,60,310,410,101,96,213,411,91,66,254,409,89,320,65,7,48,15,9,39,24,18,8,7,19,10,9,402,51,351,10,3,3,4,4,15,10,2,2,3,3,5,3,2,1,10,4,16,11,12,9,5,11,7,402,93,309,168,69,99,74,26,48,387,105,86,196,396,100,68,228,390,7,383,405,80,325,406,26,380,406,20,386,398,286,112
Employee Services,Workforce Safety & Employee Health,ALL,25,26,25,2,2.333,20.333,1.923,1.538,21.462,1.357,2.857,20.5,1.125,0.625,23,25,2,4,19,24,,,,25,1,3,21,25,2,3,20,24,,,,25,4,1,20,25,1,4,20,24,,,,25,2,1,22,25,1,3,21,24,,,,24,,,,25,2,0,23,25,2,0,23,25,1,1,23,25,1,0,24,24,,,,24,,,,25,1,0,24,25,1,1,23,25,0,3,22,25,1,2,22,25,0,5,20,25,0,3,22,25,1,2,22,25,1,4,20,25,2,1,22,25,3,1,21,25,1,3,21,25,1,3,21,25,3,1,21,25,8,2,15,25,1,2,22,25,,,3,0,2,0,0,0,0,0,2,0,0,1,1,25,,,0,0,0,0,0,1,2,0,0,0,0,0,0,0,0,0,0,0,0,0,0,0,0,2,25,,,8,,,5,,,24,,,,23,,,,25,,,25,,,25,,,25,,,25,,
